name,datetime,tempmax,tempmin,temp,feelslikemax,feelslikemin,feelslike,dew,humidity,precip,precipprob,precipcover,preciptype,snow,snowdepth,windgust,windspeed,winddir,sealevelpressure,cloudcover,visibility,solarradiation,solarenergy,uvindex,severerisk,sunrise,sunset,moonphase,conditions,description,icon,stations
"Baku,Azerbaijan",2023-03-20,17.5,7.8,12,17.5,6.6,11.7,7.4,76,0,0,0,,0,0,13.3,18.4,42.8,1012.9,41.6,8.9,196.6,17,8,10,2023-03-20T06:44:46,2023-03-20T18:52:07,0.95,Partially cloudy,Partly cloudy throughout the day.,partly-cloudy-day,"37864099999,UBBB"
"Baku,Azerbaijan",2023-03-21,14,7.7,10.7,14,5.6,10.2,7.6,81.8,0,0,0,,0,0,50.4,29.5,324,1012.3,62.4,8.7,231.7,20,8,10,2023-03-21T06:43:07,2023-03-21T18:53:10,0,Partially cloudy,Partly cloudy throughout the day.,partly-cloudy-day,"37864099999,UBBB"
"Baku,Azerbaijan",2023-03-22,15.6,8.9,11.4,15.6,5.3,10.3,4.4,63.9,0,0,0,,0,0,59.4,40.7,328.4,1014.5,92.9,10,212.1,18.5,8,10,2023-03-22T06:41:29,2023-03-22T18:54:13,0.02,Overcast,Cloudy skies throughout the day.,cloudy,"37864099999,UBBB"
"Baku,Azerbaijan",2023-03-23,22,6,12.3,22,2.9,11.4,5,67.4,0,0,0,,0,0,30.2,25.9,191.5,1016.2,51.3,10,245.9,21.3,8,10,2023-03-23T06:39:50,2023-03-23T18:55:16,0.05,Partially cloudy,Partly cloudy throughout the day.,partly-cloudy-day,"37864099999,UBBB"
"Baku,Azerbaijan",2023-03-24,17,9,12.3,17,5.9,11.6,7.4,75.4,0,0,0,,0,0,35.6,29.5,158.6,1015.3,64.3,8.5,221.8,19,7,10,2023-03-24T06:38:12,2023-03-24T18:56:19,0.08,Partially cloudy,Partly cloudy throughout the day.,partly-cloudy-day,"37864099999,UBBB"
"Baku,Azerbaijan",2023-03-25,19,7.9,12.8,19,7.9,12.6,6.4,67.6,0,0,0,,0,0,18.4,22.3,346.8,1016,74.2,8.9,228.1,19.7,8,10,2023-03-25T06:36:33,2023-03-25T18:57:21,0.12,Partially cloudy,Partly cloudy throughout the day.,partly-cloudy-day,"37864099999,UBBB"
"Baku,Azerbaijan",2023-03-26,19,9,13.2,19,6.7,12.6,8.5,76.1,0,0,0,,0,0,46.1,37.1,154.7,1010.6,79,6.9,250.1,21.4,8,10,2023-03-26T06:34:55,2023-03-26T18:58:24,0.15,Partially cloudy,Partly cloudy throughout the day.,partly-cloudy-day,"37864099999,UBBB"
"Baku,Azerbaijan",2023-03-27,19,10.5,13.7,19,10.5,13.7,7.4,66.8,0,0,0,rain,0,0,41.8,22.3,331,1007.4,69.4,10,179.8,15.4,6,10,2023-03-27T06:33:16,2023-03-27T18:59:26,0.18,Partially cloudy,Partly cloudy throughout the day.,partly-cloudy-day,"37864099999,UBBB"
"Baku,Azerbaijan",2023-03-28,20,12,14.9,20,12,14.9,8.7,67.7,0,0,0,rain,0,0,66.6,44.7,321,1010.5,50.7,10,204.5,17.6,8,10,2023-03-28T06:31:38,2023-03-28T19:00:28,0.21,Partially cloudy,Partly cloudy throughout the day.,partly-cloudy-day,"37864099999,UBBB"
"Baku,Azerbaijan",2023-03-29,22,11,15.3,22,11,15.3,10.9,76.9,0,0,0,,0,0,66.6,40.7,170.8,1004,23.9,10,265.5,22.9,8,10,2023-03-29T06:29:59,2023-03-29T19:01:31,0.25,Partially cloudy,Clearing in the afternoon.,partly-cloudy-day,"37864099999,UBBB"
"Baku,Azerbaijan",2023-03-30,13,8,9.6,13,2.9,6.9,6.8,83.9,0,0,0,,0,0,77.8,59.4,328.6,1007.7,64,7.5,211.9,18.4,8,10,2023-03-30T06:28:21,2023-03-30T19:02:33,0.28,Partially cloudy,Partly cloudy throughout the day.,wind,"37864099999,UBBB"
"Baku,Azerbaijan",2023-03-31,9,4,6.6,4.2,-2.1,1.3,2.9,77.6,6,100,4.17,rain,0,0,70.6,51.8,332.1,1015.9,86.8,10,184.3,16,8,10,2023-03-31T06:26:43,2023-03-31T19:03:35,0.31,"Rain, Partially cloudy",Partly cloudy throughout the day with late afternoon rain.,rain,"37864099999,UBBB"
"Baku,Azerbaijan",2023-04-01,7.8,4,5.8,4,-2.6,0.6,3.5,85.2,0.5,100,4.17,rain,0.1,0.2,76,50,319.8,1014.5,95.7,9.3,167.8,14.7,6,10,2023-04-01T06:25:06,2023-04-01T19:04:37,0.34,"Rain, Overcast",Cloudy skies throughout the day with late afternoon rain or snow.,snow,"37864099999,UBBB"
"Baku,Azerbaijan",2023-04-02,10,5,7.1,10,3.3,6.1,4.3,82.8,2,100,4.17,rain,0,0,24.5,14.8,263.1,1013.1,81.4,10,122,10.6,5,10,2023-04-02T06:23:28,2023-04-02T19:05:39,0.38,"Rain, Partially cloudy",Partly cloudy throughout the day with late afternoon rain.,rain,"37864099999,UBBB"
"Baku,Azerbaijan",2023-04-03,12,7.7,9.4,12,5.1,8.6,6.6,83.4,0.4,100,4.17,rain,0,0,54.7,25.5,332.8,1014,68.9,10,184.7,15.8,6,10,2023-04-03T06:21:51,2023-04-03T19:06:41,0.41,"Rain, Partially cloudy",Partly cloudy throughout the day with late afternoon rain.,rain,"37864099999,UBBB"
"Baku,Azerbaijan",2023-04-04,15,5.9,10.3,15,3.6,9.9,8.2,87.4,99,100,4.17,rain,0,0,27.7,22.3,155.9,1018.4,41.1,9.1,272.4,23.6,9,10,2023-04-04T06:20:14,2023-04-04T19:07:43,0.44,"Rain, Partially cloudy",Partly cloudy throughout the day with morning rain.,rain,"37864099999,UBBB"
"Baku,Azerbaijan",2023-04-05,14.6,8.9,11.4,14.6,6.3,10.9,9.8,90.3,0,0,0,,0,0,41.8,37.1,158,1012.4,51.8,10,260.4,22.6,8,10,2023-04-05T06:18:38,2023-04-05T19:08:45,0.47,Partially cloudy,Partly cloudy throughout the day.,partly-cloudy-day,"37864099999,UBBB"
"Baku,Azerbaijan",2023-04-06,15,9,11.5,15,5.6,11.1,7.4,77.3,0,0,0,rain,0,0,49,44.6,330.9,1009.4,35.3,9.3,275.3,23.9,9,10,2023-04-06T06:17:02,2023-04-06T19:09:47,0.5,Partially cloudy,Clearing in the afternoon.,partly-cloudy-day,"37864099999,UBBB"
"Baku,Azerbaijan",2023-04-07,16,8.8,11.8,16,6.3,11.1,6.7,71.9,0,0,0,rain,0,0,40,29.5,321,1012.5,26.7,10,279.2,24.2,9,10,2023-04-07T06:15:26,2023-04-07T19:10:49,0.54,Partially cloudy,Partly cloudy throughout the day.,partly-cloudy-day,"37864099999,UBBB"
"Baku,Azerbaijan",2023-04-08,17.2,7,11.5,17.2,5.6,11.2,8.3,81.4,0,0,0,rain,0,0,40.7,27.2,357.1,1014.6,31.9,10,263.7,22.7,9,10,2023-04-08T06:13:51,2023-04-08T19:11:51,0.58,Partially cloudy,Clearing in the afternoon.,partly-cloudy-day,"37864099999,UBBB"
"Baku,Azerbaijan",2023-04-09,17,9.6,12.6,17,6.9,12.4,8,75,0,0,0,,0,0,49,37.1,319.2,1021.4,46.5,10,275.9,23.8,8,10,2023-04-09T06:12:16,2023-04-09T19:12:53,0.61,Partially cloudy,Partly cloudy throughout the day.,partly-cloudy-day,"37864099999,UBBB"
"Baku,Azerbaijan",2023-04-10,17,9,13.2,17,9,13.2,8.3,74,0,0,0,,0,0,30.6,27.5,174.6,1021.1,73.6,10,238.6,20.4,9,10,2023-04-10T06:10:41,2023-04-10T19:13:55,0.65,Partially cloudy,Partly cloudy throughout the day.,partly-cloudy-day,"37864099999,UBBB"
"Baku,Azerbaijan",2023-04-11,18,11.9,14.3,18,11.9,14.3,10.4,78.1,0,0,0,,0,0,43.2,33.5,163.3,1012.1,63.9,10,245.7,21.2,9,10,2023-04-11T06:09:08,2023-04-11T19:14:57,0.68,Partially cloudy,Partly cloudy throughout the day.,partly-cloudy-day,"37864099999,UBBB"
"Baku,Azerbaijan",2023-04-12,22,12,15.2,22,12,15.2,11.6,80.2,0,0,0,,0,0,45.7,29.5,160.1,1001.9,61.4,9.7,246.5,21.2,9,10,2023-04-12T06:07:34,2023-04-12T19:15:59,0.72,Partially cloudy,Partly cloudy throughout the day.,partly-cloudy-day,"37864099999,UBBB"
"Baku,Azerbaijan",2023-04-13,23,12,16.8,23,12,16.8,11.3,71.7,0,0,0,rain,0,0,60.8,33.5,191.5,999.4,60.1,10,188.6,16.2,8,10,2023-04-13T06:06:02,2023-04-13T19:17:01,0.75,Partially cloudy,Partly cloudy throughout the day.,partly-cloudy-day,"37864099999,UBBB"
"Baku,Azerbaijan",2023-04-14,24,11.6,15.9,24,11.6,15.9,8.4,62.8,0,0,0,,0,0,66.6,48.2,207.5,1008.9,51.7,10,288.5,25,9,10,2023-04-14T06:04:29,2023-04-14T19:18:03,0.79,Partially cloudy,Partly cloudy throughout the day.,partly-cloudy-day,"37864099999,UBBB"
"Baku,Azerbaijan",2023-04-15,20.1,10.5,14.7,20.1,10.5,14.7,6.6,61.2,0,0,0,,0,0,34.6,27.1,347.8,1015.8,21.3,10,294.8,25.6,9,10,2023-04-15T06:02:58,2023-04-15T19:19:05,0.83,Partially cloudy,Partly cloudy throughout the day.,partly-cloudy-day,"37864099999,UBBB"
"Baku,Azerbaijan",2023-04-16,11,7,8.7,11,2.4,5.1,4.3,73.7,0,0,0,rain,0,0,59.4,48.2,344,1025.3,85.2,10.6,144.5,12.5,5,10,2023-04-16T06:01:27,2023-04-16T19:20:07,0.86,Partially cloudy,Partly cloudy throughout the day.,partly-cloudy-day,"37864099999,UBBB,remote"
"Baku,Azerbaijan",2023-04-17,13,7,9.5,13,3.8,8.7,3.4,65.7,0,0,0,,0,0,27,25.9,116.1,1028.2,85.8,10,239.9,20.6,8,10,2023-04-17T05:59:57,2023-04-17T19:21:09,0.9,Partially cloudy,Partly cloudy throughout the day.,partly-cloudy-day,"37864099999,UBBB"
"Baku,Azerbaijan",2023-04-18,16,6,11.7,16,3,11.3,5.3,65.9,0,0,0,,0,0,38.9,37.1,153.8,1024.9,34.2,10,293.6,25.3,9,10,2023-04-18T05:58:28,2023-04-18T19:22:11,0.93,Partially cloudy,Partly cloudy throughout the day.,partly-cloudy-day,"37864099999,UBBB"
"Baku,Azerbaijan",2023-04-19,18,10.2,13.8,18,10.2,13.8,8.7,73.4,0,0,0,,0,0,44.6,37.1,157.5,1017.1,24.4,10,300.2,26,9,10,2023-04-19T05:56:59,2023-04-19T19:23:13,0.97,Partially cloudy,Partly cloudy throughout the day.,partly-cloudy-day,"37864099999,UBBB"
"Baku,Azerbaijan",2023-04-20,20.4,10,15.1,20.4,10,15.1,8.9,69.1,0,0,0,,0,0,45.7,41.7,160.7,1008.6,57.6,10,288.9,25,9,10,2023-04-20T05:55:31,2023-04-20T19:24:15,0,Partially cloudy,Partly cloudy throughout the day.,partly-cloudy-day,"37864099999,UBBB"
"Baku,Azerbaijan",2023-04-21,23,13,16.3,23,13,16.3,10.4,69.7,0,0,0,rain,0,0,55.1,33.5,292.9,1004.1,42.6,10,288.9,25,9,10,2023-04-21T05:54:04,2023-04-21T19:25:17,0.04,Partially cloudy,Partly cloudy throughout the day.,partly-cloudy-day,"37864099999,UBBB"
"Baku,Azerbaijan",2023-04-22,23.2,12,17.3,23.2,12,17.3,11.4,70.1,99.6,100,4.17,rain,0,0,33.8,23.6,127.1,1010.4,33.2,10,282.7,24.2,8,10,2023-04-22T05:52:38,2023-04-22T19:26:19,0.07,"Rain, Partially cloudy",Partly cloudy throughout the day with morning rain.,rain,"37864099999,UBBB"
"Baku,Azerbaijan",2023-04-23,20,12,15.8,20,12,15.8,9.7,67.9,0,0,0,,0,0,37.8,18.4,342.7,1015,33.4,10,305.5,26.3,9,10,2023-04-23T05:51:13,2023-04-23T19:27:22,0.1,Partially cloudy,Becoming cloudy in the afternoon.,partly-cloudy-day,"37864099999,UBBB"
"Baku,Azerbaijan",2023-04-24,23.6,11.8,17.2,23.6,11.8,17.2,9.9,64.1,0,0,0,,0,0,35.6,25.9,218.3,1012,68.3,10,288.5,24.7,9,10,2023-04-24T05:49:49,2023-04-24T19:28:24,0.13,Partially cloudy,Partly cloudy throughout the day.,partly-cloudy-day,"37864099999,UBBB"
"Baku,Azerbaijan",2023-04-25,21,14.6,17.2,21,14.6,17.2,11.2,68.3,0,0,0,,0,0,55.4,37.1,321,1009.8,64.5,10.6,208.3,17.9,7,10,2023-04-25T05:48:26,2023-04-25T19:29:26,0.17,Partially cloudy,Partly cloudy throughout the day.,partly-cloudy-day,"37864099999,UBBB,remote"
"Baku,Azerbaijan",2023-04-26,22,15,18.1,22,15,18.1,11.7,67.6,0,0,0,,0,0,47.2,29.5,335.6,1014.1,49.1,10,269.4,23.3,9,10,2023-04-26T05:47:03,2023-04-26T19:30:28,0.2,Partially cloudy,Partly cloudy throughout the day.,partly-cloudy-day,"37864099999,UBBB"
"Baku,Azerbaijan",2023-04-27,21,13.9,17.3,21,13.9,17.3,13.4,78.9,0,0,0,,0,0,43.2,36.5,168,1012.3,13.5,10,312,27,9,10,2023-04-27T05:45:42,2023-04-27T19:31:30,0.23,Clear,Clear conditions throughout the day.,clear-day,"37864099999,UBBB"
"Baku,Azerbaijan",2023-04-28,22,14,17.6,22,14,17.6,15,85.3,0,0,0,,0,0,45,37.1,173.1,1009.8,58,7.9,316.6,27.3,9,10,2023-04-28T05:44:22,2023-04-28T19:32:31,0.25,Partially cloudy,Partly cloudy throughout the day.,partly-cloudy-day,"37864099999,UBBB"
"Baku,Azerbaijan",2023-04-29,27.3,11,19.4,26.8,11,19.3,11.5,66.5,0,0,0,,0,0,29.9,22.3,154.6,1007.9,49.6,6.8,320.2,27.4,9,10,2023-04-29T05:43:02,2023-04-29T19:33:33,0.29,Partially cloudy,Clearing in the afternoon.,partly-cloudy-day,"37864099999,UBBB"
"Baku,Azerbaijan",2023-04-30,26,14.9,19.2,26,14.9,19.2,13.3,69.7,0,0,0,rain,0,0,55.4,36.8,332.4,1006.7,64.4,10,193.2,16.6,8,10,2023-04-30T05:41:44,2023-04-30T19:34:35,0.33,Partially cloudy,Partly cloudy throughout the day.,partly-cloudy-day,"37864099999,UBBB"
"Baku,Azerbaijan",2023-05-01,20,14,16.4,20,14,16.4,12.3,77.7,99.8,100,4.17,rain,0,0,65.5,44.6,324.6,1010.1,42.2,10,309.5,26.7,9,10,2023-05-01T05:40:27,2023-05-01T19:35:36,0.36,"Rain, Partially cloudy",Clearing in the afternoon with morning rain.,rain,"37864099999,UBBB"
"Baku,Azerbaijan",2023-05-02,19.3,13.9,16,19.3,13.9,16,10.5,70.3,99.8,100,4.17,rain,0,0,55.8,37.1,325.1,1016.6,44.4,10,276.2,23.8,9,10,2023-05-02T05:39:12,2023-05-02T19:36:38,0.39,"Rain, Partially cloudy",Partly cloudy throughout the day with morning rain.,rain,"37864099999,UBBB"
"Baku,Azerbaijan",2023-05-03,17,13.5,15.6,17,13.5,15.6,9.5,67,0,0,0,rain,0,0,53.6,40.7,328.4,1021.2,58.6,10,146.2,12.6,6,10,2023-05-03T05:37:57,2023-05-03T19:37:39,0.42,Partially cloudy,Partly cloudy throughout the day.,partly-cloudy-day,"37864099999,UBBB"
"Baku,Azerbaijan",2023-05-04,21,13.7,16.3,21,13.7,16.3,9,63.6,1,100,4.17,rain,0,0,40.7,25.9,125.4,1022.3,52.8,10,254.5,21.8,9,10,2023-05-04T05:36:44,2023-05-04T19:38:40,0.46,"Rain, Partially cloudy",Partly cloudy throughout the day with late afternoon rain.,rain,"37864099999,UBBB"
"Baku,Azerbaijan",2023-05-05,20.1,14,16.6,20.1,14,16.6,12.9,79.4,0,0,0,,0,0,42.5,29.5,181,1017.6,45.8,10,298.9,26,9,10,2023-05-05T05:35:32,2023-05-05T19:39:41,0.5,Partially cloudy,Partly cloudy throughout the day.,partly-cloudy-day,"37864099999,UBBB"
"Baku,Azerbaijan",2023-05-06,19.3,11,15.3,19.3,11,15.3,11.9,81.4,0,0,0,,0,0,22,20.1,24,1016,38.6,9.4,323.6,28,10,10,2023-05-06T05:34:21,2023-05-06T19:40:42,0.52,Partially cloudy,Partly cloudy throughout the day.,partly-cloudy-day,"37864099999,UBBB,remote"
"Baku,Azerbaijan",2023-05-07,21,12.7,16.6,21,12.7,16.6,11.8,75.2,0,0,0,,0,0,42.5,29.5,152.3,1015,69.1,10,296.8,25.6,9,10,2023-05-07T05:33:12,2023-05-07T19:41:43,0.56,Partially cloudy,Partly cloudy throughout the day.,partly-cloudy-day,"37864099999,UBBB"
"Baku,Azerbaijan",2023-05-08,19,13,15.5,19,13,15.5,12,79.8,0,0,0,,0,0,54,33.5,332.2,1010.6,39.2,10,321.3,27.8,9,10,2023-05-08T05:32:04,2023-05-08T19:42:43,0.59,Partially cloudy,Partly cloudy throughout the day.,partly-cloudy-day,"37864099999,UBBB"
"Baku,Azerbaijan",2023-05-09,20,13.7,17.2,20,13.7,17.2,11.3,68.7,0,0,0,rain,0,0,58.7,35.3,324.6,1014.6,51.1,10.2,318,27.5,9,10,2023-05-09T05:30:57,2023-05-09T19:43:43,0.63,Partially cloudy,Partly cloudy throughout the day.,partly-cloudy-day,"37864099999,UBBB"
"Baku,Azerbaijan",2023-05-10,21,13.5,16.4,21,13.5,16.4,11.9,75.1,0,0,0,rain,0,0,27.4,18.4,316.3,1015.9,51.5,10,198.9,17.1,8,10,2023-05-10T05:29:52,2023-05-10T19:44:43,0.67,Partially cloudy,Partly cloudy throughout the day.,partly-cloudy-day,"37864099999,UBBB"
"Baku,Azerbaijan",2023-05-11,23,13.9,17.1,23,13.9,17.1,12.9,77.4,99,100,4.17,rain,0,0,57.6,50,311.5,1016.9,47.6,9.9,327,28.2,9,10,2023-05-11T05:28:48,2023-05-11T19:45:42,0.7,"Rain, Partially cloudy",Partly cloudy throughout the day with morning rain.,rain,"37864099999,UBBB"
"Baku,Azerbaijan",2023-05-12,18.1,13.6,15.3,18.1,13.6,15.3,8.9,66.2,0,0,0,rain,0,0,49.3,33.5,340.3,1021.7,35.8,10,326.1,28.1,9,10,2023-05-12T05:27:46,2023-05-12T19:46:41,0.75,Partially cloudy,Partly cloudy throughout the day.,partly-cloudy-day,"37864099999,UBBB"
"Baku,Azerbaijan",2023-05-13,18.8,13.7,15.7,18.8,13.7,15.7,7.9,61,0,0,0,,0,0,49.7,29.5,344.6,1018.5,66,10,313,27.1,9,10,2023-05-13T05:26:45,2023-05-13T19:47:40,0.77,Partially cloudy,Partly cloudy throughout the day.,partly-cloudy-day,"37864099999,UBBB"
"Baku,Azerbaijan",2023-05-14,15,13,13.9,15,13,13.9,10.4,79.6,99.6,100,4.17,rain,0,0,81.7,61.2,323.2,1014.2,71.2,10,73.8,6.3,2,10,2023-05-14T05:25:45,2023-05-14T19:48:38,0.81,"Rain, Partially cloudy",Partly cloudy throughout the day with morning rain.,rain,"37864099999,UBBB"
"Baku,Azerbaijan",2023-05-15,17,12.9,14.3,17,12.9,14.3,9.9,75.7,0.6,100,4.17,rain,0,0,70.6,47.5,324.7,1016.7,76.9,10,95.5,8.1,3,10,2023-05-15T05:24:48,2023-05-15T19:49:36,0.84,"Rain, Partially cloudy",Partly cloudy throughout the day with late afternoon rain.,rain,"37864099999,UBBB"
"Baku,Azerbaijan",2023-05-16,24,13.1,19,24,13.1,19,8.2,51.4,99,100,4.17,rain,0,0,38.2,29.1,295.6,1017,42.4,10,307.6,26.8,9,10,2023-05-16T05:23:52,2023-05-16T19:50:33,0.88,"Rain, Partially cloudy",Partly cloudy throughout the day with morning rain.,rain,"37864099999,UBBB"
"Baku,Azerbaijan",2023-05-17,20,14,16.8,20,14,16.8,9.4,62.3,0.6,100,4.17,rain,0,0,52.9,37.1,316.4,1014.3,45.1,10,202,17.4,7,10,2023-05-17T05:22:57,2023-05-17T19:51:30,0.92,"Rain, Partially cloudy",Partly cloudy throughout the day with late afternoon rain.,rain,"37864099999,UBBB"
"Baku,Azerbaijan",2023-05-18,24.1,14.6,19.2,24.1,14.6,19.2,8.8,52.7,99,100,4.17,rain,0,0,36,29.5,192.8,1013.8,29.3,10,333,28.6,10,10,2023-05-18T05:22:04,2023-05-18T19:52:26,0.95,"Rain, Partially cloudy",Partly cloudy throughout the day with morning rain.,rain,"37864099999,UBBB"
"Baku,Azerbaijan",2023-05-19,25,14,19.6,25,14,19.6,11.3,63.3,0,0,0,,0,0,26.3,20,148.4,1014,46,10,330.1,28.5,9,10,2023-05-19T05:21:13,2023-05-19T19:53:22,0,Partially cloudy,Partly cloudy throughout the day.,partly-cloudy-day,"37864099999,UBBB"
"Baku,Azerbaijan",2023-05-20,23,15.8,18.7,23,15.8,18.7,12.7,69.6,0,0,0,,0,0,24.5,27.2,342.5,1015.1,63,10.1,320.5,27.7,9,10,2023-05-20T05:20:24,2023-05-20T19:54:17,0.02,Partially cloudy,Partly cloudy throughout the day.,partly-cloudy-day,"37864099999,UBBB"
"Baku,Azerbaijan",2023-05-21,25,16,19.9,25,16,19.9,12.3,63.7,0,0,0,,0,0,28.1,25.9,329.8,1010.5,65.3,10,298.1,25.7,10,10,2023-05-21T05:19:36,2023-05-21T19:55:11,0.05,Partially cloudy,Partly cloudy throughout the day.,partly-cloudy-day,"37864099999,UBBB"
"Baku,Azerbaijan",2023-05-22,28,17.8,21.3,28,17.8,21.4,14.5,66.7,0,0,0,,0,0,29.2,25.8,201,1009.4,28.3,10,341.8,29.4,10,10,2023-05-22T05:18:50,2023-05-22T19:56:05,0.09,Partially cloudy,Becoming cloudy in the afternoon.,partly-cloudy-day,"37864099999,UBBB"
"Baku,Azerbaijan",2023-05-23,28,17,22.3,28.3,17,22.3,15,65.5,0,0,0,,0,0,41.4,25.9,151.3,1012.7,23.4,10,342.9,29.5,10,10,2023-05-23T05:18:06,2023-05-23T19:56:57,0.12,Partially cloudy,Partly cloudy throughout the day.,partly-cloudy-day,"37864099999,UBBB"
"Baku,Azerbaijan",2023-05-24,29,19.8,23.7,30.3,19.8,24,17.6,70,0,0,0,,0,0,29.9,29.5,161.9,1011.8,39.5,10,337.3,29.1,10,10,2023-05-24T05:17:23,2023-05-24T19:57:50,0.15,Partially cloudy,Partly cloudy throughout the day.,partly-cloudy-day,"37864099999,UBBB"
"Baku,Azerbaijan",2023-05-25,32.8,19,24,32.7,19,24,16.3,64.1,0,0,0,,0,0,19.4,22.3,9,1011.9,76.6,10,303.8,26.2,9,10,2023-05-25T05:16:43,2023-05-25T19:58:41,0.18,Partially cloudy,Partly cloudy throughout the day.,partly-cloudy-day,"37864099999,UBBB"
"Baku,Azerbaijan",2023-05-26,25.5,20,22.1,25.5,20,22.1,15.3,66.3,0.4,100,4.17,rain,0,0,28.4,22.3,334.4,1010.1,50.4,10,103.1,9,6,10,2023-05-26T05:16:04,2023-05-26T19:59:31,0.22,"Rain, Partially cloudy",Partly cloudy throughout the day with late afternoon rain.,rain,"37864099999,UBBB"
"Baku,Azerbaijan",2023-05-27,27,19.6,22.8,27.3,19.6,22.8,15.5,64.4,99,100,4.17,rain,0,0,61.2,38.4,317.2,1009.2,29.7,10,340.9,29.5,10,10,2023-05-27T05:15:27,2023-05-27T20:00:21,0.25,"Rain, Partially cloudy",Clearing in the afternoon with morning rain.,rain,"37864099999,UBBB"
"Baku,Azerbaijan",2023-05-28,31,20,24.8,30.8,20,24.8,15.6,58.3,0,0,0,,0,0,26.3,22.3,200.5,1012,41.7,10,332.8,28.8,10,10,2023-05-28T05:14:52,2023-05-28T20:01:09,0.28,Partially cloudy,Partly cloudy throughout the day.,partly-cloudy-day,"37864099999,UBBB"
"Baku,Azerbaijan",2023-05-29,31,19.9,24.9,30.1,19.9,24.7,15.8,60.9,0,0,0,,0,0,32.4,22.3,157.4,1011.1,89.2,10,303.3,26.4,9,10,2023-05-29T05:14:19,2023-05-29T20:01:57,0.31,Partially cloudy,Partly cloudy throughout the day.,partly-cloudy-day,"37864099999,UBBB"
"Baku,Azerbaijan",2023-05-30,35.3,20.5,27.7,33.7,20.5,27.2,14.9,51.1,0,0,0,,0,0,29.2,22.3,157.3,1008.4,65.9,10,332,28.5,10,10,2023-05-30T05:13:47,2023-05-30T20:02:44,0.34,Partially cloudy,Partly cloudy throughout the day.,partly-cloudy-day,"37864099999,UBBB"
"Baku,Azerbaijan",2023-05-31,27.2,23,25,28.8,23,25.1,18.6,67.9,0,0,0,rain,0,0,54.4,37.1,330.8,1009.2,79.3,10,244.3,21.1,7,10,2023-05-31T05:13:18,2023-05-31T20:03:29,0.38,Partially cloudy,Partly cloudy throughout the day.,partly-cloudy-day,"37864099999,UBBB"
"Baku,Azerbaijan",2023-06-01,25.2,20,22.8,25.2,20,22.8,16.7,69,0,0,0,,0,0,37.1,33.5,343.8,1011.3,34.3,10,335,28.8,10,10,2023-06-01T05:12:50,2023-06-01T20:04:13,0.41,Partially cloudy,Partly cloudy throughout the day.,partly-cloudy-day,"37864099999,UBBB"
"Baku,Azerbaijan",2023-06-02,27,19,23,28.2,19,23.1,16.8,69.6,0,0,0,,0,0,22.3,22.3,45,1014.2,24.9,10,342.1,29.7,10,10,2023-06-02T05:12:25,2023-06-02T20:04:57,0.44,Partially cloudy,Clearing in the afternoon.,partly-cloudy-day,"37864099999,UBBB"
"Baku,Azerbaijan",2023-06-03,28,19.9,24.2,28.6,19.9,24.3,17.1,66.3,0,0,0,,0,0,30.2,29.5,156.8,1013.7,9.2,10,344.7,29.8,10,10,2023-06-03T05:12:01,2023-06-03T20:05:39,0.47,Clear,Clear conditions throughout the day.,clear-day,"37864099999,UBBB"
"Baku,Azerbaijan",2023-06-04,29,21,24.9,31.4,21,25.6,19.8,74.1,0,0,0,,0,0,38.9,31.1,175.6,1011.2,24.9,10,346.4,29.9,10,15,2023-06-04T05:11:39,2023-06-04T20:06:19,0.5,Partially cloudy,Partly cloudy throughout the day.,partly-cloudy-day,"37864099999,UBBB"
"Baku,Azerbaijan",2023-06-05,28.1,20.9,24,29.2,20.9,24.3,18.3,71.8,0,0,0,,0,0,47.2,25.9,334.7,1011.1,25.6,10,345.2,29.7,10,10,2023-06-05T05:11:20,2023-06-05T20:06:59,0.54,Partially cloudy,Partly cloudy throughout the day.,partly-cloudy-day,"37864099999,UBBB"
"Baku,Azerbaijan",2023-06-06,24,19.8,22.2,24,19.8,22.2,17.5,75.2,0,0,0,rain,0,0,71.3,50,334.7,1014,55,10,260.3,22.5,9,10,2023-06-06T05:11:02,2023-06-06T20:07:37,0.58,Partially cloudy,Partly cloudy throughout the day.,wind,"37864099999,UBBB"
"Baku,Azerbaijan",2023-06-07,24.3,19.8,21.7,24.3,19.8,21.7,16.1,71.1,0,0,0,rain,0,0,57.6,40.7,334.1,1017,64.7,10,277.2,23.9,9,10,2023-06-07T05:10:46,2023-06-07T20:08:14,0.61,Partially cloudy,Partly cloudy throughout the day.,partly-cloudy-day,"37864099999,UBBB"
"Baku,Azerbaijan",2023-06-08,24.3,18,21.2,24.3,18,21.2,13.6,62.9,0,0,0,,0,0,49.3,33.5,343.4,1019.8,61.1,10,325,28,10,10,2023-06-08T05:10:32,2023-06-08T20:08:49,0.65,Partially cloudy,Partly cloudy throughout the day.,partly-cloudy-day,"37864099999,UBBB"
"Baku,Azerbaijan",2023-06-09,28.3,17.9,22.9,27.4,17.9,22.7,12.5,56,0,0,0,,0,0,30.6,25.9,170.8,1016.4,13.3,10,356.1,30.8,10,10,2023-06-09T05:10:20,2023-06-09T20:09:23,0.68,Clear,Clear conditions throughout the day.,clear-day,"37864099999,UBBB"
"Baku,Azerbaijan",2023-06-10,28,20,24.1,28.6,20,24.2,16.5,64.5,0,0,0,,0,0,35.3,29.5,154.8,1011,57.6,10,342.6,29.5,10,10,2023-06-10T05:10:11,2023-06-10T20:09:56,0.75,Partially cloudy,Clearing in the afternoon.,partly-cloudy-day,"37864099999,UBBB"
"Baku,Azerbaijan",2023-06-11,31,20.5,25.7,32.4,20.5,26.1,18.6,67.3,0,0,0,,0,0,30.2,23.9,168.7,1006.1,53.6,10,339.5,29.3,9,10,2023-06-11T05:10:03,2023-06-11T20:10:27,0.76,Partially cloudy,Partly cloudy throughout the day.,partly-cloudy-day,"37864099999,UBBB"
"Baku,Azerbaijan",2023-06-12,31,22,26.5,32.6,22,27.3,19.4,65.8,0,0,0,,0,0,28.4,18.4,337.3,1005.5,0.6,10,347.5,29.8,10,10,2023-06-12T05:09:57,2023-06-12T20:10:56,0.79,Clear,Clear conditions throughout the day.,clear-day,"37864099999,UBBB"
"Baku,Azerbaijan",2023-06-13,32.2,23,27.6,33.5,23,28.4,19.6,63.3,0,0,0,,0,0,23.4,18.4,148.3,1005.4,17.2,10,349.3,30.1,10,5,2023-06-13T05:09:53,2023-06-13T20:11:24,0.83,Clear,Clear conditions throughout the day.,clear-day,"37864099999,UBBB"
"Baku,Azerbaijan",2023-06-14,31.6,23.8,27.1,35.5,23.8,28,20,66.7,0,0,0,,0,0,31.7,25.9,345.4,1005.3,48.9,10,262.1,22.8,8,5,2023-06-14T05:09:51,2023-06-14T20:11:50,0.86,Partially cloudy,Partly cloudy throughout the day.,partly-cloudy-day,"37864099999,UBBB"
"Baku,Azerbaijan",2023-06-15,30,22.9,25.9,31.3,22.9,26.4,19.7,69.6,0,0,0,,0,0,56.2,37.1,332.8,1006.1,28.1,10,351,30.3,10,5,2023-06-15T05:09:50,2023-06-15T20:12:14,0.9,Partially cloudy,Partly cloudy throughout the day.,partly-cloudy-day,"37864099999,UBBB"
"Baku,Azerbaijan",2023-06-16,27,22,24.8,28.5,22,24.8,18.9,70.4,0.2,100,4.17,rain,0,0,59.4,40.7,331,1006,59.4,10,331,28.5,9,5,2023-06-16T05:09:52,2023-06-16T20:12:37,0.93,"Rain, Partially cloudy",Partly cloudy throughout the day with late afternoon rain.,rain,"37864099999,UBBB"
"Baku,Azerbaijan",2023-06-17,30.1,21.9,25.5,30.8,21.9,25.8,18.2,65.6,99,100,4.17,rain,0,0,37.8,22.3,26.4,1005.1,18.7,10,344.4,29.7,10,5,2023-06-17T05:09:56,2023-06-17T20:12:58,0.97,Rain,Clear conditions throughout the day with morning rain.,rain,"37864099999,UBBB"
"Baku,Azerbaijan",2023-06-18,30,21.9,25.6,30.8,21.9,26,19.6,71,0,0,0,rain,0,0,70.6,44.6,180.9,1003.5,15.2,10,348.7,30,10,10,2023-06-18T05:10:01,2023-06-18T20:13:18,0,Clear,Clear conditions throughout the day.,clear-day,"37864099999,UBBB"
"Baku,Azerbaijan",2023-06-19,28.8,22.3,25,29.6,22.3,25.3,18.8,69.7,99.2,100,4.17,rain,0,0,59.4,40.7,343.8,1008.6,18.7,10,324.4,27.9,10,10,2023-06-19T05:10:09,2023-06-19T20:13:35,0.04,Rain,Clear conditions throughout the day with morning rain.,rain,"37864099999,UBBB"
"Baku,Azerbaijan",2023-06-20,27,21.7,23.8,27.3,21.7,23.8,15.9,63.3,0,0,0,,0,0,47.2,37.1,353.5,1009.8,36.3,10,336.7,29,10,10,2023-06-20T05:10:18,2023-06-20T20:13:51,0.07,Partially cloudy,Partly cloudy throughout the day.,partly-cloudy-day,"37864099999,UBBB"
"Baku,Azerbaijan",2023-06-21,25.2,20,22.4,25.2,20,22.4,14.9,63.2,0,0,0,,0,0,43.2,40.7,338.6,1012.3,37.3,10,231.5,19.9,9,10,2023-06-21T05:10:29,2023-06-21T20:14:05,0.1,Partially cloudy,Partly cloudy throughout the day.,partly-cloudy-day,"37864099999,UBBB"
"Baku,Azerbaijan",2023-06-22,26,19,22.8,26,19,22.8,14.8,61.8,0,0,0,,0,0,38.5,22.3,355.7,1014,35,10,300.9,26,8,10,2023-06-22T05:10:42,2023-06-22T20:14:17,0.14,Partially cloudy,Partly cloudy throughout the day.,partly-cloudy-day,"37864099999,UBBB"
"Baku,Azerbaijan",2023-06-23,27.2,21,24.4,28,21,24.5,15.9,59.7,0,0,0,,0,0,37.1,25.9,351,1016.9,24,10,352,30.5,10,10,2023-06-23T05:10:57,2023-06-23T20:14:27,0.17,Partially cloudy,Partly cloudy throughout the day.,partly-cloudy-day,"37864099999,UBBB"
"Baku,Azerbaijan",2023-06-24,27,19,23.1,27.5,19,23.1,15.8,64.3,0,0,0,,0,0,37.8,29.5,343.6,1015.8,12.8,10,356.7,30.9,10,10,2023-06-24T05:11:13,2023-06-24T20:14:35,0.2,Clear,Clear conditions throughout the day.,clear-day,"37864099999,UBBB"
"Baku,Azerbaijan",2023-06-25,30.2,18,24.8,29.4,18,24.6,14.6,56.8,99,100,4.17,rain,0,0,27.4,22.3,155.5,1013,0,10,362.3,31.3,10,10,2023-06-25T05:11:31,2023-06-25T20:14:42,0.23,Rain,Clear conditions throughout the day with morning rain.,rain,"37864099999,UBBB"
"Baku,Azerbaijan",2023-06-26,30,21,25.9,31.3,21,26.3,18.7,66.6,0,0,0,,0,0,32.8,33.5,163.5,1007.7,0,10,358.5,31.1,10,10,2023-06-26T05:11:51,2023-06-26T20:14:46,0.25,Clear,Clear conditions throughout the day.,clear-day,"37864099999,UBBB"
"Baku,Azerbaijan",2023-06-27,31,21,26.1,30.3,21,25.8,16.8,61.7,0,0,0,,0,0,43.6,25.9,150.2,1004.4,19.9,10,332.2,28.9,10,10,2023-06-27T05:12:13,2023-06-27T20:14:48,0.3,Clear,Clear conditions throughout the day.,clear-day,"37864099999,UBBB"
"Baku,Azerbaijan",2023-06-28,28.5,23.2,25.6,29.7,23.2,26,18.9,66.8,0,0,0,,0,0,61.2,47.7,332,1010.2,15.2,10,348.6,30.4,10,10,2023-06-28T05:12:36,2023-06-28T20:14:49,0.33,Clear,Clear conditions throughout the day.,clear-day,"37864099999,UBBB"
"Baku,Azerbaijan",2023-06-29,30.4,22.8,26.2,29.4,22.8,26.1,16.2,56.1,0,0,0,,0,0,42.8,22.3,340.1,1008.7,4,10,349.8,30.5,10,10,2023-06-29T05:13:01,2023-06-29T20:14:47,0.36,Clear,Clear conditions throughout the day.,clear-day,"37864099999,UBBB"
"Baku,Azerbaijan",2023-06-30,29.3,22.6,25.5,29.2,22.6,25.8,18.1,65.3,0,0,0,rain,0,0,24.5,25.9,354.2,1005.4,28.2,10,335.2,29,10,10,2023-06-30T05:13:27,2023-06-30T20:14:44,0.4,Partially cloudy,Clearing in the afternoon.,partly-cloudy-day,"37864099999,UBBB"
"Baku,Azerbaijan",2023-07-01,26,20.1,22.9,26,20.1,22.9,16.7,68.6,0.5,100,4.17,rain,0,0,64.8,45.3,332.2,1008.5,40.3,10,138.3,11.9,6,10,2023-07-01T05:13:55,2023-07-01T20:14:38,0.43,"Rain, Partially cloudy",Partly cloudy throughout the day with late afternoon rain.,rain,"37864099999,UBBB"
"Baku,Azerbaijan",2023-07-02,32,19,26,30.8,19,25.5,13.6,49.9,99,100,4.17,rain,0,0,27,22.3,162.6,1012.5,0,10,353.8,30.5,10,10,2023-07-02T05:14:24,2023-07-02T20:14:31,0.46,Rain,Clear conditions throughout the day with morning rain.,rain,"37864099999,UBBB"
"Baku,Azerbaijan",2023-07-03,31.2,22,27,31.4,22,27,16.9,57.2,0,0,0,,0,0,25.6,22.3,145.4,1013,0,10,351.3,30.4,10,10,2023-07-03T05:14:55,2023-07-03T20:14:21,0.5,Clear,Clear conditions throughout the day.,clear-day,"37864099999,UBBB"
"Baku,Azerbaijan",2023-07-04,35.2,22,28.8,34.5,22,28.6,16.4,51.9,0,0,0,,0,0,17.3,18.4,102.4,1012.7,8.7,10,352.5,30.4,10,10,2023-07-04T05:15:28,2023-07-04T20:14:10,0.53,Clear,Clear conditions throughout the day.,clear-day,"37864099999,UBBB"
"Baku,Azerbaijan",2023-07-05,30.7,23.5,26.9,30.4,23.5,27.1,19,64.6,0,0,0,,0,0,34.6,29.5,329.9,1013,55.1,10,337.5,29.2,9,10,2023-07-05T05:16:01,2023-07-05T20:13:57,0.56,Partially cloudy,Partly cloudy throughout the day.,partly-cloudy-day,"37864099999,UBBB"
"Baku,Azerbaijan",2023-07-06,32.1,24,27.8,33.7,24,28.2,18.6,59.3,0,0,0,,0,0,38.5,31,338.9,1012.5,0.9,10,348.8,30.4,10,10,2023-07-06T05:16:36,2023-07-06T20:13:41,0.6,Clear,Clear conditions throughout the day.,clear-day,"37864099999,UBBB"
"Baku,Azerbaijan",2023-07-07,37,23,30,35.9,23,30.1,17.8,57.2,0,0,0,,0,0,22,18.4,176.2,1010.9,0,10,351.5,30.4,10,10,2023-07-07T05:17:13,2023-07-07T20:13:24,0.63,Clear,Clear conditions throughout the day.,clear-day,"37864099999,UBBB"
"Baku,Azerbaijan",2023-07-08,37,24,31.1,37.3,24,31.1,17.5,51.2,0,0,0,,0,0,31.3,22.3,145.8,1006.1,11.2,10,349.6,30.4,10,10,2023-07-08T05:17:50,2023-07-08T20:13:04,0.67,Clear,Clear conditions throughout the day.,clear-day,"37864099999,UBBB"
"Baku,Azerbaijan",2023-07-09,37,27,31.2,38.6,28.3,32.8,18.9,49.9,0,0,0,,0,0,28.8,18.4,13.7,1000.8,30.7,10,343.2,29.6,10,10,2023-07-09T05:18:29,2023-07-09T20:12:43,0.7,Partially cloudy,Partly cloudy throughout the day.,partly-cloudy-day,"37864099999,UBBB"
"Baku,Azerbaijan",2023-07-10,30.2,25,27.5,34.2,25,29.1,21.6,71,0,0,0,,0,0,59.4,48.2,327.1,999.1,11,10,346.7,30,10,10,2023-07-10T05:19:09,2023-07-10T20:12:19,0.75,Clear,Clear conditions throughout the day.,clear-day,"37864099999,UBBB"
"Baku,Azerbaijan",2023-07-11,28.1,23.9,26.2,29,23.9,26.7,19.2,65.7,0,0,0,,0,0,64.8,41.9,330.6,1008.5,42.1,10,338.5,29.2,9,10,2023-07-11T05:19:50,2023-07-11T20:11:54,0.77,Partially cloudy,Partly cloudy throughout the day.,partly-cloudy-day,"37864099999,UBBB"
"Baku,Azerbaijan",2023-07-12,28,23,25.1,29.2,23,25.4,18.2,65.9,0,0,0,,0,0,27,25.9,355.1,1016.4,38.6,10,343,29.3,10,10,2023-07-12T05:20:33,2023-07-12T20:11:26,0.81,Partially cloudy,Partly cloudy throughout the day.,partly-cloudy-day,"37864099999,UBBB"
"Baku,Azerbaijan",2023-07-13,30,22,25.9,30.8,22,26.1,17.4,60.5,0,0,0,,0,0,16.9,22.3,23.3,1017.3,10,10,342.3,29.4,10,10,2023-07-13T05:21:16,2023-07-13T20:10:57,0.84,Clear,Clear conditions throughout the day.,clear-day,"37864099999,UBBB"
"Baku,Azerbaijan",2023-07-14,30.1,22,26.8,30.4,22,26.7,16,53.5,0,0,0,,0,0,16.2,22.3,59.2,1015.3,0,10,343.1,29.4,10,10,2023-07-14T05:22:00,2023-07-14T20:10:25,0.88,Clear,Clear conditions throughout the day.,clear-day,"37864099999,UBBB"
"Baku,Azerbaijan",2023-07-15,35,22.2,28.4,35.7,22.2,28.6,17.1,53.1,0,0,0,,0,0,44.6,22.3,9.4,1009.2,7.9,10,334.5,28.7,10,10,2023-07-15T05:22:46,2023-07-15T20:09:52,0.91,Clear,Clear conditions throughout the day.,clear-day,"37864099999,UBBB"
"Baku,Azerbaijan",2023-07-16,29,24.8,26.3,30.8,24.8,26.8,20.1,69.2,0.4,100,4.17,rain,0,0,53.6,37.1,341.7,1010.9,36.3,10,230,19.9,8,10,2023-07-16T05:23:32,2023-07-16T20:09:17,0.95,"Rain, Partially cloudy",Partly cloudy throughout the day with late afternoon rain.,rain,"37864099999,UBBB"
"Baku,Azerbaijan",2023-07-17,27,20,23.4,27.7,20,23.4,18.1,73.3,103.5,100,8.33,rain,0,0,55.4,37.1,342.1,1013.8,55.6,9.9,67.3,5.9,5,10,2023-07-17T05:24:19,2023-07-17T20:08:40,0,"Rain, Partially cloudy",Partly cloudy throughout the day with rain.,rain,"37864099999,UBBB"
"Baku,Azerbaijan",2023-07-18,29.4,21,25.1,28.9,21,25.3,16.5,60.3,0.1,100,4.17,rain,0,0,25.2,14.8,225,1014,44.1,10,188.2,16.2,7,10,2023-07-18T05:25:07,2023-07-18T20:08:01,0.02,"Rain, Partially cloudy",Partly cloudy throughout the day with morning rain.,rain,"37864099999,UBBB"
"Baku,Azerbaijan",2023-07-19,31,21,26.5,30.6,21,26.4,15.4,52.1,0,0,0,,0,0,26.6,25.9,166.2,1011.8,0,10,344.7,29.8,10,10,2023-07-19T05:25:56,2023-07-19T20:07:20,0.05,Clear,Clear conditions throughout the day.,clear-day,"37864099999,UBBB"
"Baku,Azerbaijan",2023-07-20,32.1,23,27.7,31.6,23,27.9,17.7,56.8,0,0,0,,0,0,25.9,22.3,168.4,1011.1,6.3,10,334.8,28.9,9,10,2023-07-20T05:26:45,2023-07-20T20:06:37,0.09,Clear,Clear conditions throughout the day.,clear-day,"37864099999,UBBB"
"Baku,Azerbaijan",2023-07-21,35,23.6,28.8,36.9,23.6,29.7,19.9,61.7,0.1,100,4.17,rain,0,0,22.7,18.4,133.5,1009.9,10.5,10,336.3,29,9,10,2023-07-21T05:27:36,2023-07-21T20:05:53,0.12,Rain,Clear conditions throughout the day with late afternoon rain.,rain,"37864099999,UBBB"
"Baku,Azerbaijan",2023-07-22,32.2,25,28.6,33.5,25,29.6,20.3,63.2,99,100,4.17,rain,0,0,50.8,37.1,331,1011.4,17.7,10,331.6,28.7,9,10,2023-07-22T05:28:27,2023-07-22T20:05:07,0.15,Rain,Clear conditions throughout the day with morning rain.,rain,"37864099999,UBBB"
"Baku,Azerbaijan",2023-07-23,33,25.6,29.4,34.6,25.6,30.3,19.3,56.7,0,0,0,,0,0,40.3,22.3,337.4,1010,28.6,10,314.3,27.1,9,10,2023-07-23T05:29:18,2023-07-23T20:04:19,0.19,Partially cloudy,Partly cloudy throughout the day.,partly-cloudy-day,"37864099999,UBBB"
"Baku,Azerbaijan",2023-07-24,34,25.6,28.7,35.1,25.6,29.9,21.1,66,0,0,0,,0,0,77.8,51.8,340.9,1005.8,37.5,10,310.3,26.9,9,5,2023-07-24T05:30:11,2023-07-24T20:03:29,0.22,Partially cloudy,Partly cloudy throughout the day.,wind,"37864099999,UBBB"
"Baku,Azerbaijan",2023-07-25,29,25,26.6,31.4,25,27.6,20.9,70.9,0,0,0,,0,0,74.2,51.8,333.8,1007.6,44.5,10,312.7,27,9,10,2023-07-25T05:31:03,2023-07-25T20:02:37,0.25,Partially cloudy,Partly cloudy throughout the day.,wind,"37864099999,UBBB"
"Baku,Azerbaijan",2023-07-26,30,25,26.9,32.6,25,27.8,21,70.5,99.6,100,8.33,rain,0,0,54,37.1,348.4,1011.7,32.6,10,313.2,27,9,10,2023-07-26T05:31:57,2023-07-26T20:01:44,0.25,"Rain, Partially cloudy",Partly cloudy throughout the day with rain.,rain,"37864099999,UBBB"
"Baku,Azerbaijan",2023-07-27,32,23,27.4,34.9,23,28.6,20.8,68.6,99,100,4.17,rain,0,0,34.2,22.3,160.1,1010.9,6.7,10,328.4,28.4,9,10,2023-07-27T05:32:51,2023-07-27T20:00:49,0.32,Rain,Clear conditions throughout the day with morning rain.,rain,"37864099999,UBBB"
"Baku,Azerbaijan",2023-07-28,31,24,27.6,35.5,24,29.6,22.5,74.6,0,0,0,,0,0,41,37.1,160,1005.1,11.8,10,330.3,28.5,9,10,2023-07-28T05:33:45,2023-07-28T19:59:52,0.35,Clear,Clear conditions throughout the day.,clear-day,"37864099999,UBBB"
"Baku,Azerbaijan",2023-07-29,27.4,24,25.8,30.6,24,26.5,20.5,72.6,0,0,0,rain,0,0,85.3,66.6,331.2,1008.3,54.1,10,318.3,27.5,9,10,2023-07-29T05:34:40,2023-07-29T19:58:54,0.39,Partially cloudy,Partly cloudy throughout the day.,wind,"37864099999,UBBB"
"Baku,Azerbaijan",2023-07-30,30.1,24.1,26.6,30.8,24.1,26.9,17.4,57.8,0,0,0,rain,0,0,61.2,42.5,338.2,1010.7,30,10,303.4,26.2,9,10,2023-07-30T05:35:35,2023-07-30T19:57:54,0.42,Partially cloudy,Partly cloudy throughout the day.,partly-cloudy-day,"37864099999,UBBB"
"Baku,Azerbaijan",2023-07-31,29.3,23,26.5,31.4,23,27,18.1,60.4,0,0,0,rain,0,0,35.3,33.5,333,1009.2,28.1,10,312.1,26.9,9,10,2023-07-31T05:36:30,2023-07-31T19:56:53,0.45,Partially cloudy,Partly cloudy throughout the day.,partly-cloudy-day,"37864099999,UBBB"
"Baku,Azerbaijan",2023-08-01,31,24,27.3,33.7,24,28.1,20,66,0,0,0,,0,0,30.6,29.5,325.3,1007.8,0.3,10,321.5,27.7,9,10,2023-08-01T05:37:26,2023-08-01T19:55:50,0.5,Clear,Clear conditions throughout the day.,clear-day,"37864099999,UBBB"
"Baku,Azerbaijan",2023-08-02,35,24,28.9,37.7,24,30.1,20,61.3,0,0,0,,0,0,19.1,22.3,171.7,1006.2,0,10,322.8,27.8,9,10,2023-08-02T05:38:22,2023-08-02T19:54:46,0.52,Clear,Clear conditions throughout the day.,clear-day,"37864099999,UBBB"
"Baku,Azerbaijan",2023-08-03,33,26,29.3,34.6,26,31,20.4,60.2,0,0,0,,0,0,63,40.7,332.9,1006.7,9.7,10,321.2,27.7,9,10,2023-08-03T05:39:19,2023-08-03T19:53:40,0.55,Clear,Clear conditions throughout the day.,clear-day,"37864099999,UBBB"
"Baku,Azerbaijan",2023-08-04,32,26.9,29.7,32.4,28.1,30.4,17.5,48.2,0,0,0,,0,0,82.4,64.2,331.1,1008.5,35.9,10,314.5,27.3,9,10,2023-08-04T05:40:16,2023-08-04T19:52:32,0.59,Partially cloudy,Partly cloudy throughout the day.,wind,"37864099999,UBBB"
"Baku,Azerbaijan",2023-08-05,32,27,29.4,33.5,28.6,30.5,18.4,52,0,0,0,rain,0,0,72.4,53.6,331.4,1011.2,40.4,10,261.9,22.8,9,10,2023-08-05T05:41:13,2023-08-05T19:51:24,0.62,Partially cloudy,Partly cloudy throughout the day.,wind,"37864099999,UBBB"
"Baku,Azerbaijan",2023-08-06,32,26,28.6,34.9,26,30.8,21.2,64.8,0,0,0,,0,0,54.7,29.5,15.2,1009.9,20.4,10,312.9,27,9,5,2023-08-06T05:42:10,2023-08-06T19:50:14,0.66,Partially cloudy,Partly cloudy throughout the day.,partly-cloudy-day,"37864099999,UBBB"
"Baku,Azerbaijan",2023-08-07,34,25,28.8,36.5,25,30.6,22.3,71,0,0,0,,0,0,19.8,22.3,153,1005.6,17.6,10,313,27,9,5,2023-08-07T05:43:07,2023-08-07T19:49:02,0.69,Clear,Clear conditions throughout the day.,clear-day,"37864099999,UBBB"
"Baku,Azerbaijan",2023-08-08,35.2,26,30.6,39.5,26,32.2,20.8,59.1,0,0,0,,0,0,13,18.4,355.5,1007.4,0.1,10,315.2,27.2,9,5,2023-08-08T05:44:05,2023-08-08T19:47:49,0.75,Clear,Clear conditions throughout the day.,clear-day,"37864099999,UBBB"
"Baku,Azerbaijan",2023-08-09,36,26,31.1,38.1,26,32.8,19.7,53.2,0,0,0,,0,0,26.3,22.3,157.4,1010.4,0.5,10,311.3,26.9,9,10,2023-08-09T05:45:02,2023-08-09T19:46:35,0.76,Clear,Clear conditions throughout the day.,clear-day,"37864099999,UBBB"
"Baku,Azerbaijan",2023-08-10,37,26,31.4,36.3,26,32.3,18.5,50.4,0,0,0,,0,0,25.2,22.3,160,1012.9,0,10,316.4,27.3,9,10,2023-08-10T05:46:00,2023-08-10T19:45:20,0.79,Clear,Clear conditions throughout the day.,clear-day,"37864099999,UBBB"
"Baku,Azerbaijan",2023-08-11,39,24,31.6,39.3,24,32.2,19,54.1,0,0,0,,0,0,21.6,18.4,163.8,1012.8,1,10,317.7,27.3,9,10,2023-08-11T05:46:58,2023-08-11T19:44:03,0.83,Clear,Clear conditions throughout the day.,clear-day,"37864099999,UBBB"
"Baku,Azerbaijan",2023-08-12,36.1,25,31.3,39.8,25,32.9,19.3,51.5,0,0,0,,0,0,30.6,22.3,139.1,1013.4,0,10,314.8,27.3,9,10,2023-08-12T05:47:56,2023-08-12T19:42:45,0.86,Clear,Clear conditions throughout the day.,clear-day,"37864099999,UBBB"
"Baku,Azerbaijan",2023-08-13,37.6,25,31,39.3,25,32.3,19.4,54.2,0,0,0,,0,0,24.8,22.3,28.8,1014.9,0,10,315.1,27.3,9,10,2023-08-13T05:48:54,2023-08-13T19:41:26,0.9,Clear,Clear conditions throughout the day.,clear-day,"37864099999,UBBB"
"Baku,Azerbaijan",2023-08-14,34.1,25,29.6,39.4,25,32.2,22.1,65.2,0,0,0,,0,0,30.2,25.9,133,1017.2,0,9.8,311.2,26.9,9,10,2023-08-14T05:49:52,2023-08-14T19:40:06,0.93,Clear,Clear conditions throughout the day.,clear-day,"37864099999,UBBB"
"Baku,Azerbaijan",2023-08-15,34.1,24,29,37,24,30.1,19.9,60.5,0,0,0,,0,0,25.9,29.5,147.5,1016.7,0,10,311.2,27,9,10,2023-08-15T05:50:50,2023-08-15T19:38:45,0.96,Clear,Clear conditions throughout the day.,clear-day,"37864099999,UBBB"
"Baku,Azerbaijan",2023-08-16,36,22,29.2,34.5,22,28.8,15.4,49.2,0,0,0,,0,0,18,18.4,154.9,1014.3,8.9,10,311.6,27,9,10,2023-08-16T05:51:49,2023-08-16T19:37:23,0,Clear,Clear conditions throughout the day.,clear-day,"37864099999,UBBB"
"Baku,Azerbaijan",2023-08-17,34,24,28.6,36.5,24,29.2,18.7,57.7,0,0,0,,0,0,27.7,22.3,30.9,1012.5,0,9.8,308.2,26.4,9,10,2023-08-17T05:52:47,2023-08-17T19:35:59,0.03,Clear,Clear conditions throughout the day.,clear-day,"37864099999,UBBB"
"Baku,Azerbaijan",2023-08-18,32.2,24,28,33.7,24,28.9,19.6,62,0,0,0,,0,0,20.2,25.9,4.8,1012.2,18.1,10,299.9,26,9,10,2023-08-18T05:53:45,2023-08-18T19:34:35,0.07,Clear,Clear conditions throughout the day.,clear-day,"37864099999,UBBB"
"Baku,Azerbaijan",2023-08-19,34,24.8,28.6,32.7,24.8,29.1,18.6,57.1,0,0,0,rain,0,0,18,18.4,356.2,1012.5,39.9,10,238,20.6,8,10,2023-08-19T05:54:43,2023-08-19T19:33:09,0.1,Partially cloudy,Partly cloudy throughout the day.,partly-cloudy-day,"37864099999,UBBB"
"Baku,Azerbaijan",2023-08-20,33,26,28.8,33.5,26,30.4,19.8,59.8,0,0,0,,0,0,32,33.5,324.3,1013.3,30.8,10,252.9,21.9,9,10,2023-08-20T05:55:41,2023-08-20T19:31:43,0.13,Partially cloudy,Partly cloudy throughout the day.,partly-cloudy-day,"37864099999,UBBB"
"Baku,Azerbaijan",2023-08-21,35.6,22.8,29.3,35.8,22.8,29.7,17.9,55.2,0,0,0,,0,0,26.3,22.3,166.5,1012.2,0,10,303.7,26.3,9,10,2023-08-21T05:56:40,2023-08-21T19:30:16,0.17,Clear,Clear conditions throughout the day.,clear-day,"37864099999,UBBB"
"Baku,Azerbaijan",2023-08-22,33,25,28.9,36.1,25,31.3,22,67.4,0,0,0,,0,0,29.5,25.9,170.5,1010.7,18.1,10,272.2,23.5,9,5,2023-08-22T05:57:38,2023-08-22T19:28:48,0.2,Clear,Clear conditions throughout the day.,clear-day,"37864099999,UBBB"
"Baku,Azerbaijan",2023-08-23,36,27,30.9,35.4,28.5,32.1,18.6,52.9,0,0,0,,0,0,22,18.4,349.1,1010.7,11.1,10,294.9,25.4,9,10,2023-08-23T05:58:36,2023-08-23T19:27:19,0.24,Clear,Clear conditions throughout the day.,clear-day,"37864099999,UBBB"
"Baku,Azerbaijan",2023-08-24,34.3,25.4,29,39.3,25.4,31.8,23.2,73.1,0,0,0,,0,0,41,25.9,7.9,1010.6,13.1,9.9,290.3,25.1,9,30,2023-08-24T05:59:34,2023-08-24T19:25:49,0.25,Clear,Clear conditions throughout the day.,clear-day,"37864099999,UBBB"
"Baku,Azerbaijan",2023-08-25,29,24,27.2,30.8,24,28.3,19.8,64.6,0,0,0,,0,0,41,33.5,1.9,1010.4,49.4,10,259.5,22.4,9,30,2023-08-25T06:00:32,2023-08-25T19:24:19,0.3,Partially cloudy,Partly cloudy throughout the day.,partly-cloudy-day,"37864099999,UBBB"
"Baku,Azerbaijan",2023-08-26,29,23.3,26.2,29.2,23.3,26.3,17.1,58.3,0,0,0,rain,0,0,38.5,37.1,337.8,1013.2,47.2,10,78.1,6.7,4,10,2023-08-26T06:01:30,2023-08-26T19:22:47,0.34,Partially cloudy,Partly cloudy throughout the day.,partly-cloudy-day,"37864099999,UBBB"
"Baku,Azerbaijan",2023-08-27,30,24,26.6,30.8,24,27,18.3,61,0,0,0,,0,0,31,25.9,148,1014.5,51.6,10,232.2,20.1,8,10,2023-08-27T06:02:28,2023-08-27T19:21:15,0.37,Partially cloudy,Partly cloudy throughout the day.,partly-cloudy-day,"37864099999,UBBB"
"Baku,Azerbaijan",2023-08-28,30.1,25,27.6,32.6,25,28.9,20.2,64.4,0.1,100,4.17,rain,0,0,34.6,33.5,166,1008,46.6,10,244.2,21,7,10,2023-08-28T06:03:26,2023-08-28T19:19:42,0.41,"Rain, Partially cloudy",Partly cloudy throughout the day with early morning rain.,rain,"37864099999,UBBB"
"Baku,Azerbaijan",2023-08-29,31.3,24,27,31.9,24,27.5,19.9,67.7,99.5,100,4.17,rain,0,0,47.5,33.5,348,1004.4,41.3,10,272.2,23.4,9,30,2023-08-29T06:04:24,2023-08-29T19:18:09,0.44,"Rain, Partially cloudy",Partly cloudy throughout the day with morning rain.,rain,"37864099999,UBBB"
"Baku,Azerbaijan",2023-08-30,26,22.8,24.2,26,22.8,24.2,13.2,50.6,99,100,4.17,rain,0,0,45,37.1,33.3,1013.7,39.3,10,262.7,22.6,8,10,2023-08-30T06:05:22,2023-08-30T19:16:35,0.47,"Rain, Partially cloudy",Partly cloudy throughout the day with morning rain.,rain,"37864099999,UBBB"
"Baku,Azerbaijan",2023-08-31,28.1,20,25,28.9,20,25.3,16.3,58.9,0,0,0,,0,0,29.5,29.5,151.1,1014.9,20.3,10.6,277.8,23.9,9,10,2023-08-31T06:06:19,2023-08-31T19:15:00,0.5,Partially cloudy,Partly cloudy throughout the day.,partly-cloudy-day,"37864099999,UBBB,remote"
"Baku,Azerbaijan",2023-09-01,29.3,21,26.1,30.8,21,26.7,18.9,65.3,0,0,0,,0,0,22.7,25.9,143,1014.1,18,10,274.5,23.9,9,10,2023-09-01T06:07:17,2023-09-01T19:13:25,0.54,Clear,Clear conditions throughout the day.,clear-day,"37864099999,UBBB"
"Baku,Azerbaijan",2023-09-02,30.3,23,26.7,32.6,23,27.7,19.9,67.1,0,0,0,,0,0,15.1,18.4,150.1,1013.9,37.9,10,268.4,23.1,8,10,2023-09-02T06:08:15,2023-09-02T19:11:49,0.58,Partially cloudy,Partly cloudy throughout the day.,partly-cloudy-day,"37864099999,UBBB"
"Baku,Azerbaijan",2023-09-03,29.6,24,26.6,30.3,24,26.7,17.4,58.8,0,0,0,,0,0,40.7,25.9,17.4,1014.5,20.5,10,271.5,23.5,8,10,2023-09-03T06:09:12,2023-09-03T19:10:13,0.61,Partially cloudy,Partly cloudy throughout the day.,partly-cloudy-day,"37864099999,UBBB"
"Baku,Azerbaijan",2023-09-04,32.4,20.4,26.9,33.5,20.4,27.4,18.2,60.6,0,0,0,,0,0,21.6,25.9,144.9,1011.7,0,10,272.6,23.6,9,10,2023-09-04T06:10:10,2023-09-04T19:08:36,0.64,Clear,Clear conditions throughout the day.,clear-day,"37864099999,UBBB"
"Baku,Azerbaijan",2023-09-05,33,22.3,27.8,35,22.3,29.3,20.8,67.5,0,0,0,,0,0,31.3,25.9,159.6,1011.3,0,10,265.3,22.9,8,10,2023-09-05T06:11:08,2023-09-05T19:06:59,0.68,Clear,Clear conditions throughout the day.,clear-day,"37864099999,UBBB"
"Baku,Azerbaijan",2023-09-06,34.1,23.8,28.3,34.9,23.8,28.9,20.3,66.5,0,0,0,,0,0,64.8,37.1,326.8,1010.6,8.2,9.7,267,23.2,8,15,2023-09-06T06:12:05,2023-09-06T19:05:21,0.71,Clear,Clear conditions throughout the day.,clear-day,"37864099999,UBBB"
"Baku,Azerbaijan",2023-09-07,27.3,24,25.7,29,24,26.1,20.3,72.1,99.6,100,4.17,rain,0,0,64.8,40.7,340.4,1012.9,56.8,10,180,15.6,7,10,2023-09-07T06:13:03,2023-09-07T19:03:43,0.75,"Rain, Partially cloudy",Partly cloudy throughout the day with morning rain.,rain,"37864099999,UBBB"
"Baku,Azerbaijan",2023-09-08,26,21,24.1,26,21,24.1,18.2,69.7,101,100,8.33,rain,0,0,36,18.4,355.3,1014.1,46.3,10,176.8,15.3,7,10,2023-09-08T06:14:00,2023-09-08T19:02:04,0.78,"Rain, Partially cloudy",Partly cloudy throughout the day with rain.,rain,"37864099999,UBBB"
"Baku,Azerbaijan",2023-09-09,25.3,19,22.4,25.3,19,22.4,16.7,70.6,0,0,0,rain,0,0,16.6,22.3,35.7,1010.9,59.3,10,29.9,2.6,1,10,2023-09-09T06:14:58,2023-09-09T19:00:26,0.81,Partially cloudy,Partly cloudy throughout the day.,partly-cloudy-day,"37864099999,UBBB"
"Baku,Azerbaijan",2023-09-10,22,19,20.5,22,19,20.5,13.6,66.4,0,0,0,rain,0,0,94.7,72.4,329.2,1010,64,10,187,16.2,7,10,2023-09-10T06:15:56,2023-09-10T18:58:46,0.84,Partially cloudy,Partly cloudy throughout the day.,wind,"37864099999,UBBB"
"Baku,Azerbaijan",2023-09-11,21.1,18.8,20,21.1,18.8,20,12.6,62.8,0,0,0,,0,0,41.8,40.7,348.7,1016.8,45.5,10,63.6,5.3,4,10,2023-09-11T06:16:53,2023-09-11T18:57:07,0.88,Partially cloudy,Partly cloudy throughout the day.,partly-cloudy-day,"37864099999,UBBB"
"Baku,Azerbaijan",2023-09-12,22.8,17.6,19.8,22.8,17.6,19.8,16.1,80.2,0,0,0,rain,0,0,25.6,22.3,42.9,1016.2,78.4,10,75.2,6.5,4,10,2023-09-12T06:17:51,2023-09-12T18:55:27,0.91,Partially cloudy,Partly cloudy throughout the day.,partly-cloudy-day,"37864099999,UBBB"
"Baku,Azerbaijan",2023-09-13,22,17.9,19.8,22,17.9,19.8,16,79.2,0.4,100,4.17,rain,0,0,27,22.3,351.6,1016.9,48.3,10,41,3.6,2,10,2023-09-13T06:18:48,2023-09-13T18:53:47,0.94,"Rain, Partially cloudy",Partly cloudy throughout the day with late afternoon rain.,rain,"37864099999,UBBB"
"Baku,Azerbaijan",2023-09-14,23,20,21.2,23,20,21.2,15.7,71.3,99,100,4.17,rain,0,0,40.7,33.5,340.8,1016.8,58.8,10,63.3,5.4,3,10,2023-09-14T06:19:46,2023-09-14T18:52:07,0.98,"Rain, Partially cloudy",Partly cloudy throughout the day with morning rain.,rain,"37864099999,UBBB"
"Baku,Azerbaijan",2023-09-15,25.1,18.9,21.8,25.1,18.9,21.8,15.3,67.5,0,0,0,,0,0,27.4,29.5,349.5,1018.4,30.5,10,196.3,16.9,8,10,2023-09-15T06:20:44,2023-09-15T18:50:27,0,Partially cloudy,Clearing in the afternoon.,partly-cloudy-day,"37864099999,UBBB"
"Baku,Azerbaijan",2023-09-16,27,19,22.6,27.5,19,22.6,15.8,67.1,0,0,0,,0,0,24.8,18.4,338.5,1016.7,2.8,10,249.6,21.5,8,10,2023-09-16T06:21:41,2023-09-16T18:48:47,0.04,Clear,Clear conditions throughout the day.,clear-day,"37864099999,UBBB"
"Baku,Azerbaijan",2023-09-17,24.9,18.3,21.3,24.9,18.3,21.3,17.7,80.4,0,0,0,rain,0,0,64.8,44.2,325.6,1015.5,39.5,9.7,222.7,19.2,7,10,2023-09-17T06:22:39,2023-09-17T18:47:06,0.08,Partially cloudy,Partly cloudy throughout the day.,partly-cloudy-day,"37864099999,UBBB"
"Baku,Azerbaijan",2023-09-18,20.2,18,19.6,20.2,18,19.6,15,75.3,1,100,4.17,rain,0,0,63,44.6,337,1018.4,70.7,10,19.4,1.6,1,10,2023-09-18T06:23:37,2023-09-18T18:45:25,0.11,"Rain, Partially cloudy",Partly cloudy throughout the day with late afternoon rain.,rain,"37864099999,UBBB"
"Baku,Azerbaijan",2023-09-19,24,19.8,21.5,24,19.8,21.5,14.8,66,0,0,0,,0,0,47.5,29.1,343.6,1022.4,50.5,10,226.3,19.6,8,10,2023-09-19T06:24:35,2023-09-19T18:43:45,0.15,Partially cloudy,Partly cloudy throughout the day.,partly-cloudy-day,"37864099999,UBBB"
"Baku,Azerbaijan",2023-09-20,25,17,21.5,25,17,21.5,15.3,68.7,0,0,0,,0,0,28.4,29.5,148.3,1022.4,43.8,10,215.9,18.6,7,10,2023-09-20T06:25:33,2023-09-20T18:42:04,0.18,Partially cloudy,Partly cloudy throughout the day.,partly-cloudy-day,"37864099999,UBBB"
"Baku,Azerbaijan",2023-09-21,26,17,22.3,26,17,22.3,15.1,64.9,0,0,0,,0,0,27,25.9,142.3,1021.1,24.8,10,234.2,20.3,8,10,2023-09-21T06:26:31,2023-09-21T18:40:23,0.22,Partially cloudy,Partly cloudy throughout the day.,partly-cloudy-day,"37864099999,UBBB"
"Baku,Azerbaijan",2023-09-22,28.5,19.1,23.5,28.2,19.1,23.5,15.1,61.1,0,0,0,,0,0,15.5,18.4,112.2,1022,17.5,10,234.8,20.3,8,10,2023-09-22T06:27:30,2023-09-22T18:38:43,0.25,Clear,Clear conditions throughout the day.,clear-day,"37864099999,UBBB"
"Baku,Azerbaijan",2023-09-23,28.3,18,22.7,28.7,18,22.7,16.4,70.4,0,0,0,,0,0,25.6,25.9,38.7,1022.3,30.4,9.8,228.5,19.8,8,10,2023-09-23T06:28:28,2023-09-23T18:37:02,0.29,Partially cloudy,Becoming cloudy in the afternoon.,partly-cloudy-day,"37864099999,UBBB"
"Baku,Azerbaijan",2023-09-24,28.2,17.7,22.8,27.6,17.7,22.8,14.5,62,0,0,0,,0,0,30.2,22.3,122.4,1020.9,44.1,10,223.8,19.2,8,10,2023-09-24T06:29:27,2023-09-24T18:35:21,0.32,Partially cloudy,Becoming cloudy in the afternoon.,partly-cloudy-day,"37864099999,UBBB"
"Baku,Azerbaijan",2023-09-25,26,17.7,21.6,26,17.7,21.6,16,71,0,0,0,,0,0,27.7,18.4,46.1,1018.9,38.6,10,176.9,15.2,7,10,2023-09-25T06:30:25,2023-09-25T18:33:41,0.36,Partially cloudy,Partly cloudy throughout the day.,partly-cloudy-day,"37864099999,UBBB"
"Baku,Azerbaijan",2023-09-26,23.2,20.7,21.7,23.2,20.7,21.7,17.1,75.6,99.4,100,4.17,rain,0,0,37.1,29.5,345,1020.4,71.2,10,134,11.5,4,10,2023-09-26T06:31:24,2023-09-26T18:32:01,0.39,"Rain, Partially cloudy",Partly cloudy throughout the day with morning rain.,rain,"37864099999,UBBB"
"Baku,Azerbaijan",2023-09-27,25.8,18.1,21.9,25.8,18.1,21.9,16.7,73.2,99,100,4.17,rain,0,0,24.5,18.4,335.5,1022,21.6,9.9,226.3,19.4,8,10,2023-09-27T06:32:23,2023-09-27T18:30:21,0.43,"Rain, Partially cloudy",Partly cloudy throughout the day with morning rain.,rain,"37864099999,UBBB"
"Baku,Azerbaijan",2023-09-28,28,15.2,20.9,27.3,15.2,20.8,14.8,73.1,0,0,0,,0,0,12.2,18.4,43.6,1021.5,16.4,7.1,224.9,19.4,8,10,2023-09-28T06:33:22,2023-09-28T18:28:41,0.46,Clear,Clear conditions throughout the day.,clear-day,"37864099999,UBBB"
"Baku,Azerbaijan",2023-09-29,26.3,17.4,21.6,26.3,17.4,21.6,15.8,72.1,0,0,0,,0,0,15.1,18.4,5,1020.1,14.4,9.8,221.1,19.1,7,10,2023-09-29T06:34:22,2023-09-29T18:27:01,0.5,Clear,Clear conditions throughout the day.,clear-day,"37864099999,UBBB"
"Baku,Azerbaijan",2023-09-30,26,16.5,21.7,26,16.5,21.7,15.8,70.6,0,0,0,rain,0,0,19.1,18.4,135.5,1017.6,33.3,9.9,212.8,18.4,7,10,2023-09-30T06:35:21,2023-09-30T18:25:22,0.53,Partially cloudy,Partly cloudy throughout the day.,partly-cloudy-day,"37864099999,UBBB"
"Baku,Azerbaijan",2023-10-01,27,20,23,26.6,20,23,13.8,57.2,0,0,0,,0,0,21.6,18.4,125.1,1014.5,23.1,10,212.2,18.4,7,10,2023-10-01T06:36:21,2023-10-01T18:23:43,0.56,Partially cloudy,Partly cloudy throughout the day.,partly-cloudy-day,"37864099999,UBBB"
"Baku,Azerbaijan",2023-10-02,27,16.9,22,27.3,16.9,22,15.7,69.1,0,0,0,rain,0,0,29.9,25.9,150.8,1010,59.6,10,167.8,14.5,6,10,2023-10-02T06:37:21,2023-10-02T18:22:04,0.6,Partially cloudy,Partly cloudy throughout the day.,partly-cloudy-day,"37864099999,UBBB"
"Baku,Azerbaijan",2023-10-03,25,17.5,21,25,17.5,21,18,83.4,0,0,0,,0,0,55.8,38.4,328.1,1012.5,44.3,8.5,204.4,17.5,7,10,2023-10-03T06:38:22,2023-10-03T18:20:26,0.63,Partially cloudy,Partly cloudy throughout the day.,partly-cloudy-day,"37864099999,UBBB"
"Baku,Azerbaijan",2023-10-04,22,18.9,20.3,22,18.9,20.3,14.5,69.2,99,100,4.17,rain,0,0,55.4,40.7,327.8,1018.9,56.4,10,54.8,4.7,3,10,2023-10-04T06:39:22,2023-10-04T18:18:48,0.66,"Rain, Partially cloudy",Partly cloudy throughout the day with morning rain.,rain,"37864099999,UBBB"
"Baku,Azerbaijan",2023-10-05,22,16.5,19.4,22,16.5,19.4,13.8,70.2,0,0,0,rain,0,0,55.4,48.2,324.4,1020.8,41.8,10,175,15.3,7,10,2023-10-05T06:40:23,2023-10-05T18:17:10,0.69,Partially cloudy,Partly cloudy throughout the day.,partly-cloudy-day,"37864099999,UBBB"
"Baku,Azerbaijan",2023-10-06,24.2,13.9,19.7,24.2,13.9,19.7,13.8,70,99,100,4.17,rain,0,0,39.6,25.9,173.8,1020.4,17.5,9.7,206,17.8,7,10,2023-10-06T06:41:24,2023-10-06T18:15:33,0.75,Rain,Clear conditions throughout the day with morning rain.,rain,"37864099999,UBBB"
"Baku,Azerbaijan",2023-10-07,23.2,18,20.7,23.2,18,20.7,15,70.6,0,0,0,rain,0,0,61.2,40.7,315.5,1018.2,38.2,10,200.9,17.3,7,10,2023-10-07T06:42:25,2023-10-07T18:13:57,0.76,Partially cloudy,Partly cloudy throughout the day.,partly-cloudy-day,"37864099999,UBBB"
"Baku,Azerbaijan",2023-10-08,24.2,16,20.9,24.2,16,20.9,16.1,74.7,0,0,0,,0,0,63,46.4,183.3,1015,27,10,200.3,17.3,7,10,2023-10-08T06:43:27,2023-10-08T18:12:21,0.79,Partially cloudy,Clearing in the afternoon.,partly-cloudy-day,"37864099999,UBBB"
"Baku,Azerbaijan",2023-10-09,28.2,16,20.7,27,16,20.6,13.2,64.5,0,0,0,,0,0,81.7,55.4,295,1008.9,66.8,10,191.6,16.4,7,10,2023-10-09T06:44:29,2023-10-09T18:10:45,0.82,Partially cloudy,Partly cloudy throughout the day.,wind,"37864099999,UBBB"
"Baku,Azerbaijan",2023-10-10,16.1,14,15.5,16.1,14,15.5,9.8,69,0.4,100,4.17,rain,0,0,64.8,40.7,351.7,1020,93.8,9.9,16.9,1.3,1,10,2023-10-10T06:45:31,2023-10-10T18:09:10,0.86,"Rain, Overcast",Cloudy skies throughout the day with late afternoon rain.,rain,"37864099999,UBBB"
"Baku,Azerbaijan",2023-10-11,18.8,13.9,15.5,18.8,13.9,15.5,11,74.4,99,100,4.17,rain,0,0,81.7,63,316,1018.5,93.7,10,135.9,11.8,5,10,2023-10-11T06:46:33,2023-10-11T18:07:36,0.89,"Rain, Overcast",Cloudy skies throughout the day with morning rain.,rain,"37864099999,UBBB"
"Baku,Azerbaijan",2023-10-12,15,11,12.9,15,11,12.9,5.9,63.8,0,0,0,rain,0,0,64.8,51.8,343.1,1031.6,52.3,10,163.7,14.1,7,10,2023-10-12T06:47:36,2023-10-12T18:06:03,0.92,Partially cloudy,Clearing in the afternoon.,wind,"37864099999,UBBB"
"Baku,Azerbaijan",2023-10-13,18.1,10,15.5,18.1,9.1,15.5,12.3,81.9,0,0,0,rain,0,0,40.7,25.9,176,1025.1,86.7,9.5,44.6,3.8,2,10,2023-10-13T06:48:39,2023-10-13T18:04:30,0.95,Partially cloudy,Partly cloudy throughout the day.,partly-cloudy-day,"37864099999,UBBB"
"Baku,Azerbaijan",2023-10-14,21,13,16.8,21,13,16.8,11.5,72.9,99,100,4.17,rain,0,0,27.4,22.3,329.6,1022.3,28.9,9.9,190,16.3,7,10,2023-10-14T06:49:43,2023-10-14T18:02:57,0,"Rain, Partially cloudy",Partly cloudy throughout the day with morning rain.,rain,"37864099999,UBBB"
"Baku,Azerbaijan",2023-10-15,21,9.5,16.3,21,9.5,16.3,12.3,77.8,0,0,0,,0,0,36.4,33.5,148.4,1019.3,45,9,177.9,15.5,7,10,2023-10-15T06:50:46,2023-10-15T18:01:26,0.02,Partially cloudy,Partly cloudy throughout the day.,partly-cloudy-day,"37864099999,UBBB"
"Baku,Azerbaijan",2023-10-16,21.6,17,18.9,21.6,17,18.9,14.6,76.4,0,0,0,rain,0,0,36.7,29.5,145.2,1010.1,51,9.8,153.2,13.2,6,10,2023-10-16T06:51:51,2023-10-16T17:59:55,0.06,Partially cloudy,Partly cloudy throughout the day.,partly-cloudy-day,"37864099999,UBBB"
"Baku,Azerbaijan",2023-10-17,20.1,15.3,17.5,20.1,15.3,17.5,12.4,72.9,0,0,0,,0,0,85.3,64.8,328.3,1013.8,63.2,9.9,164.1,14.1,6,10,2023-10-17T06:52:55,2023-10-17T17:58:25,0.09,Partially cloudy,Partly cloudy throughout the day.,wind,"37864099999,UBBB"
"Baku,Azerbaijan",2023-10-18,17.1,14,15.8,17.1,14,15.8,9.2,65.3,0,0,0,,0,0,57.6,42.6,32.5,1021,67.5,10,88.1,7.7,6,10,2023-10-18T06:54:00,2023-10-18T17:56:56,0.13,Partially cloudy,Partly cloudy throughout the day.,partly-cloudy-day,"37864099999,UBBB"
"Baku,Azerbaijan",2023-10-19,20,15,16.6,20,15,16.6,13.2,80.7,0,0,0,rain,0,0,58.7,37.1,307.8,1015.2,94.9,10,100.4,8.6,5,10,2023-10-19T06:55:05,2023-10-19T17:55:28,0.16,Overcast,Cloudy skies throughout the day.,cloudy,"37864099999,UBBB"
"Baku,Azerbaijan",2023-10-20,19,14.8,16.8,19,14.8,16.8,11.5,71.4,99.4,100,4.17,rain,0,0,58.3,37.1,314.4,1021.6,58.6,10,137.5,11.9,5,10,2023-10-20T06:56:10,2023-10-20T17:54:01,0.2,"Rain, Partially cloudy",Partly cloudy throughout the day with morning rain.,rain,"37864099999,UBBB"
"Baku,Azerbaijan",2023-10-21,22,15.9,19,22,15.9,19,14.7,77.2,0,0,0,rain,0,0,49,40.7,187.5,1016.8,18.3,10,174.9,15,6,10,2023-10-21T06:57:16,2023-10-21T17:52:35,0.23,Clear,Clear conditions throughout the day.,clear-day,"37864099999,UBBB"
"Baku,Azerbaijan",2023-10-22,22.2,12.7,17.4,22.2,12.7,17.4,12.7,75.3,0,0,0,,0,0,59.4,40.7,342.7,1019.4,38,10.2,154.3,13.3,6,10,2023-10-22T06:58:22,2023-10-22T17:51:10,0.25,Partially cloudy,Partly cloudy throughout the day.,partly-cloudy-day,"37864099999,UBBB"
"Baku,Azerbaijan",2023-10-23,20,12.8,16.6,20,12.8,16.6,12.3,76,0,0,0,,0,0,41,33.5,158.7,1021.9,53,10.6,164.9,14.3,6,10,2023-10-23T06:59:29,2023-10-23T17:49:46,0.3,Partially cloudy,Partly cloudy throughout the day.,partly-cloudy-day,"37864099999,UBBB,remote"
"Baku,Azerbaijan",2023-10-24,24,17,19.4,24,17,19.4,15.7,80.1,0,0,0,,0,0,52.6,32.9,194.6,1012.3,78.7,10,139.5,12.2,6,10,2023-10-24T07:00:35,2023-10-24T17:48:23,0.34,Partially cloudy,Partly cloudy throughout the day.,partly-cloudy-day,"37864099999,UBBB"
"Baku,Azerbaijan",2023-10-25,21.1,14.9,18.2,21.1,14.9,18.2,13.2,73,0,0,0,,0,0,51.1,29.5,349.2,1015.7,53.5,10,123.1,10.7,5,10,2023-10-25T07:01:42,2023-10-25T17:47:01,0.38,Partially cloudy,Partly cloudy throughout the day.,partly-cloudy-day,"37864099999,UBBB"
"Baku,Azerbaijan",2023-10-26,22.1,14.6,18.8,22.1,14.6,18.8,15.6,81.7,0,0,0,rain,0,0,57.6,41.9,178.4,1013.3,67.1,10,132.9,11.5,5,10,2023-10-26T07:02:50,2023-10-26T17:45:40,0.41,Partially cloudy,Partly cloudy throughout the day.,partly-cloudy-day,"37864099999,UBBB"
"Baku,Azerbaijan",2023-10-27,25.5,14.5,20.1,25.5,14.5,20.1,14.8,74.3,0,0,0,,0,0,53.3,21.7,205.8,1009.6,58.8,9,136.8,12,6,10,2023-10-27T07:03:58,2023-10-27T17:44:20,0.45,Partially cloudy,Partly cloudy throughout the day.,partly-cloudy-day,"37864099999,UBBB"
"Baku,Azerbaijan",2023-10-28,23.3,15.9,18.8,23.3,15.9,18.8,15.9,84.4,0,0,0,,0,0,58,29.7,289.9,1009.7,58.1,9.2,153.8,13.2,6,10,2023-10-28T07:05:06,2023-10-28T17:43:02,0.48,Partially cloudy,Partly cloudy throughout the day.,partly-cloudy-day,"37864099999,UBBB"
"Baku,Azerbaijan",2023-10-29,21,16,18,21,16,18,15.8,88.1,0,0,0,,0,0,61.6,43.6,334.5,1013.2,62.4,6.3,154,13.4,6,10,2023-10-29T07:06:14,2023-10-29T17:41:44,0.5,Partially cloudy,Partly cloudy throughout the day.,partly-cloudy-day,"37864099999,UBBB"
"Baku,Azerbaijan",2023-10-30,21,13.8,17.7,21,13.8,17.7,13.1,75.9,0,0,0,,0,0,55.4,37.1,345.1,1024.8,65.5,10.6,117.1,10.2,5,10,2023-10-30T07:07:22,2023-10-30T17:40:29,0.55,Partially cloudy,Partly cloudy throughout the day.,partly-cloudy-day,"37864099999,UBBB,remote"
"Baku,Azerbaijan",2023-10-31,21.6,11,17,21.6,11,17,13.7,81.5,0,0,0,,0,0,43.2,37.1,162.3,1027,25.7,10,153.1,13.1,6,10,2023-10-31T07:08:31,2023-10-31T17:39:14,0.58,Partially cloudy,Partly cloudy throughout the day.,partly-cloudy-day,"37864099999,UBBB"
"Baku,Azerbaijan",2023-11-01,22,15,18.2,22,15,18.2,16.2,88.5,0,0,0,,0,0,41.4,29.5,165.1,1021.4,49,10,126.5,10.9,5,10,2023-11-01T07:09:40,2023-11-01T17:38:01,0.61,Partially cloudy,Partly cloudy throughout the day.,partly-cloudy-day,"37864099999,UBBB"
"Baku,Azerbaijan",2023-11-02,23,16,19.3,23,16,19.3,16,81.9,0,0,0,,0,0,48.2,33.5,177.5,1015.5,64.5,10,143.8,12.5,5,10,2023-11-02T07:10:50,2023-11-02T17:36:49,0.64,Partially cloudy,Partly cloudy throughout the day.,partly-cloudy-day,"37864099999,UBBB"
"Baku,Azerbaijan",2023-11-03,22,13.8,17.6,22,13.8,17.6,14.3,82.5,0,0,0,,0,0,33.1,23.9,245.8,1012.9,35.1,9.1,144.8,12.5,6,10,2023-11-03T07:11:59,2023-11-03T17:35:38,0.68,Partially cloudy,Partly cloudy throughout the day.,partly-cloudy-day,"37864099999,UBBB"
"Baku,Azerbaijan",2023-11-04,18.1,15,16.8,18.1,15,16.8,13.4,80.6,0,0,0,,0,0,52.9,33.5,324.7,1015.4,69,10,108.8,9.4,5,10,2023-11-04T07:13:09,2023-11-04T17:34:30,0.71,Partially cloudy,Partly cloudy throughout the day.,partly-cloudy-day,"37864099999,UBBB"
"Baku,Azerbaijan",2023-11-05,21,11.9,17,21,11.9,17,14.8,87.4,0,0,0,,0,0,47.5,37.1,179.6,1015.7,30.6,8.9,139.8,12.1,5,10,2023-11-05T07:14:19,2023-11-05T17:33:22,0.75,Partially cloudy,Partly cloudy throughout the day.,partly-cloudy-day,"37864099999,UBBB"
"Baku,Azerbaijan",2023-11-06,22,16.9,19.3,22,16.9,19.3,17.1,88,0,0,0,,0,0,51.8,37.1,172,1011,63.1,10,137.8,12,5,10,2023-11-06T07:15:29,2023-11-06T17:32:16,0.77,Partially cloudy,Partly cloudy throughout the day.,partly-cloudy-day,"37864099999,UBBB"
"Baku,Azerbaijan",2023-11-07,20.1,16,18.2,20.1,16,18.2,13.4,74.2,0,0,0,,0,0,70.6,51.8,328.5,1015.5,63,10,96.5,8.2,5,10,2023-11-07T07:16:39,2023-11-07T17:31:12,0.81,Partially cloudy,Partly cloudy throughout the day.,wind,"37864099999,UBBB"
"Baku,Azerbaijan",2023-11-08,21.2,16,18.1,21.2,16,18.1,11.3,65.2,0,0,0,,0,0,38.9,22.3,202.8,1023.8,46.4,10,121.4,10.4,5,10,2023-11-08T07:17:49,2023-11-08T17:30:09,0.84,Partially cloudy,Partly cloudy throughout the day.,partly-cloudy-day,"37864099999,UBBB"
"Baku,Azerbaijan",2023-11-09,20.6,16.9,18.6,20.6,16.9,18.6,14.4,77,0,0,0,,0,0,66.6,44.6,181.1,1015.4,67.6,10,121.5,10.5,5,10,2023-11-09T07:19:00,2023-11-09T17:29:08,0.87,Partially cloudy,Partly cloudy throughout the day.,partly-cloudy-day,"37864099999,UBBB"
"Baku,Azerbaijan",2023-11-10,18,14,15.7,18,14,15.7,9,64.5,0,0,0,,0,0,81.7,59.4,328.1,1020.8,65.9,10,121.1,10.5,5,10,2023-11-10T07:20:10,2023-11-10T17:28:09,0.9,Partially cloudy,Partly cloudy throughout the day.,wind,"37864099999,UBBB"
"Baku,Azerbaijan",2023-11-11,17,12.9,15.3,17,12.9,15.3,8.9,66,0,0,0,,0,0,47.9,33.5,165.3,1027.1,86,10,107.9,9.3,5,10,2023-11-11T07:21:21,2023-11-11T17:27:11,0.93,Partially cloudy,Partly cloudy throughout the day.,partly-cloudy-day,"37864099999,UBBB"
"Baku,Azerbaijan",2023-11-12,19,15,16.8,19,15,16.8,11,69.6,0,0,0,,0,0,63,45.3,183,1018,42.1,10,132.1,11.5,5,10,2023-11-12T07:22:31,2023-11-12T17:26:15,0.97,Partially cloudy,Partly cloudy throughout the day.,partly-cloudy-day,"37864099999,UBBB"
"Baku,Azerbaijan",2023-11-13,17.3,15,16.2,17.3,15,16.2,12.4,78.4,0,0,0,,0,0,58.3,33.5,302.8,1016.4,50.2,10,128.5,11.1,5,10,2023-11-13T07:23:41,2023-11-13T17:25:21,0,Partially cloudy,Partly cloudy throughout the day.,partly-cloudy-day,"37864099999,UBBB"
"Baku,Azerbaijan",2023-11-14,20,11,16.1,20,11,16.1,12.5,79.9,0,0,0,,0,0,69.8,53.5,220.6,1012.2,59,10,117.6,10.2,5,10,2023-11-14T07:24:52,2023-11-14T17:24:29,0.03,Partially cloudy,Partly cloudy throughout the day.,wind,"37864099999,UBBB"
"Baku,Azerbaijan",2023-11-15,17,12.9,14.6,17,12.9,14.6,10.1,74.6,0,0,0,,0,0,69.8,48.2,329.3,1014.4,75.1,10,97.1,8.2,5,10,2023-11-15T07:26:02,2023-11-15T17:23:38,0.07,Partially cloudy,Partly cloudy throughout the day.,partly-cloudy-day,"37864099999,UBBB"
"Baku,Azerbaijan",2023-11-16,19,14.3,16.6,19,14.3,16.6,12,75,0,0,0,,0,0,65.5,48.2,206.4,1006.9,41,10,126.2,10.7,5,10,2023-11-16T07:27:12,2023-11-16T17:22:50,0.11,Partially cloudy,Partly cloudy throughout the day.,partly-cloudy-day,"37864099999,UBBB"
"Baku,Azerbaijan",2023-11-17,15,10,12.9,15,10,12.9,10.6,86.5,0.4,100,4.17,rain,0,0,75.6,51.8,328.5,1012.7,75.5,9.2,48.3,4.3,3,10,2023-11-17T07:28:22,2023-11-17T17:22:03,0.14,"Rain, Partially cloudy",Partly cloudy throughout the day with late afternoon rain.,rain,"37864099999,UBBB"
"Baku,Azerbaijan",2023-11-18,17,8,13.8,17,6.8,13.7,10.9,83.2,100,100,8.33,rain,0,0,33.5,33.5,142.7,1017.2,77,10,24.8,2.1,2,10,2023-11-18T07:29:31,2023-11-18T17:21:18,0.18,"Rain, Partially cloudy",Partly cloudy throughout the day with rain.,rain,"37864099999,UBBB"
"Baku,Azerbaijan",2023-11-19,20,14,16.8,20,14,16.8,14.3,85.3,0,0,0,rain,0,0,51.8,33.5,159.8,1009.6,76.3,10,74.5,6.4,4,10,2023-11-19T07:30:40,2023-11-19T17:20:35,0.21,Partially cloudy,Partly cloudy throughout the day.,partly-cloudy-day,"37864099999,UBBB"
"Baku,Azerbaijan",2023-11-20,19,13.9,16.1,19,13.9,16.1,14.2,88.6,0,0,0,rain,0,0,51.8,29.5,213.8,999.4,70.1,9.7,76.8,6.7,4,10,2023-11-20T07:31:49,2023-11-20T17:19:55,0.25,Partially cloudy,Partly cloudy throughout the day.,partly-cloudy-day,"37864099999,UBBB"
"Baku,Azerbaijan",2023-11-21,15,10,11.9,15,10,11.9,8.9,82,2,100,4.17,rain,0,0,52.6,38.4,328.1,1005.3,75.1,10,20.5,1.8,1,10,2023-11-21T07:32:58,2023-11-21T17:19:16,0.28,"Rain, Partially cloudy",Partly cloudy throughout the day with late afternoon rain.,rain,"37864099999,UBBB"
"Baku,Azerbaijan",2023-11-22,15.1,8,12,15.1,5.5,11.6,7,73.4,0,0,0,rain,0,0,51.8,22.3,154.1,1018.6,37.1,10,116,9.9,5,10,2023-11-22T07:34:06,2023-11-22T17:18:39,0.32,Partially cloudy,Partly cloudy throughout the day.,partly-cloudy-day,"37864099999,UBBB"
"Baku,Azerbaijan",2023-11-23,18,10.9,13.5,18,10.9,13.5,6.2,63,0,0,0,rain,0,0,74.2,55.4,245.8,1011.4,61,10,91,8,4,10,2023-11-23T07:35:14,2023-11-23T17:18:05,0.36,Partially cloudy,Partly cloudy throughout the day.,wind,"37864099999,UBBB"
"Baku,Azerbaijan",2023-11-24,16,9.9,12.6,16,7.9,12.5,7.4,70.7,99.4,100,4.17,rain,0,0,64.8,37.1,181.8,1012.3,69.4,10,31.4,2.7,2,10,2023-11-24T07:36:21,2023-11-24T17:17:32,0.39,"Rain, Partially cloudy",Partly cloudy throughout the day with morning rain.,rain,"37864099999,UBBB"
"Baku,Azerbaijan",2023-11-25,18,12,15.4,18,12,15.4,6.6,56.1,0,0,0,,0,0,72.4,47.5,193.8,1005.7,52.6,10,111.3,9.6,4,10,2023-11-25T07:37:27,2023-11-25T17:17:02,0.43,Partially cloudy,Partly cloudy throughout the day.,partly-cloudy-day,"37864099999,UBBB"
"Baku,Azerbaijan",2023-11-26,24,16,19.8,24,16,19.8,5.2,39.3,0,0,0,,0,0,71.6,45.5,206.7,1000.2,37.4,10,108.3,9.3,5,10,2023-11-26T07:38:33,2023-11-26T17:16:33,0.46,Partially cloudy,Clearing in the afternoon.,partly-cloudy-day,"37864099999,UBBB"
"Baku,Azerbaijan",2023-11-27,20,11.9,15.4,20,11.9,15.4,5.3,51.9,0,0,0,,0,0,84.6,63,309.5,1001.5,20.5,10,111,9.7,5,10,2023-11-27T07:39:38,2023-11-27T17:16:07,0.5,Partially cloudy,Clearing in the afternoon.,wind,"37864099999,UBBB"
"Baku,Azerbaijan",2023-11-28,11.1,8.8,10.2,11.1,6,9.8,5.6,73.5,99.4,100,4.17,rain,0,0,70.6,51.8,333.6,1017.9,73.7,10,30.8,2.6,2,10,2023-11-28T07:40:43,2023-11-28T17:15:43,0.53,"Rain, Partially cloudy",Partly cloudy throughout the day with morning rain.,rain,"37864099999,UBBB"
"Baku,Azerbaijan",2023-11-29,14.8,7.9,11,14.8,6.1,10.6,4.9,67.4,99,100,4.17,rain,0,0,65.2,37.1,183.2,1021.4,54.9,10,53.5,4.7,3,10,2023-11-29T07:41:47,2023-11-29T17:15:22,0.56,"Rain, Partially cloudy",Partly cloudy throughout the day with morning rain.,rain,"37864099999,UBBB"
"Baku,Azerbaijan",2023-11-30,17,10,12.9,17,10,12.9,2.1,49.8,0,0,0,,0,0,67,44.6,196.5,1014.3,62.5,10,109.7,9.5,5,10,2023-11-30T07:42:50,2023-11-30T17:15:02,0.59,Partially cloudy,Partly cloudy throughout the day.,partly-cloudy-day,"37864099999,UBBB"
"Baku,Azerbaijan",2023-12-01,14.1,9,12,14.1,7.3,12,8.5,79.2,0,0,0,,0,0,62.3,37.1,332.1,1020.9,64.6,10,106.9,9.2,5,10,2023-12-01T07:43:52,2023-12-01T17:14:45,0.63,Partially cloudy,Partly cloudy throughout the day.,partly-cloudy-day,"37864099999,UBBB"
"Baku,Azerbaijan",2023-12-02,18,10,14.1,18,10,14.1,9.3,74.6,0,0,0,rain,0,0,61.2,48.2,195,1016,38.6,9.9,102.8,9.1,5,10,2023-12-02T07:44:53,2023-12-02T17:14:30,0.66,Partially cloudy,Partly cloudy throughout the day.,partly-cloudy-day,"37864099999,UBBB"
"Baku,Azerbaijan",2023-12-03,20.3,5,13,20.3,5,13,9.2,81.5,0,0,0,,0,0,44.6,37.1,169.6,1015.6,32.6,6.8,108.8,9.5,5,10,2023-12-03T07:45:52,2023-12-03T17:14:17,0.69,Partially cloudy,Clearing in the afternoon.,partly-cloudy-day,"37864099999,UBBB"
"Baku,Azerbaijan",2023-12-04,15,7,11.5,15,7,11.5,9.8,89.5,0,0,0,,0,0,39.6,25.9,279.5,1016.8,67.1,7.5,91.2,7.9,4,10,2023-12-04T07:46:51,2023-12-04T17:14:07,0.72,Partially cloudy,Partly cloudy throughout the day.,partly-cloudy-day,"37864099999,UBBB"
"Baku,Azerbaijan",2023-12-05,13.1,6,10.1,13.1,4.4,9.9,8.5,90,0.4,100,4.17,rain,0,0,69.5,48.2,334.3,1021,90.6,6.7,43.8,3.8,2,10,2023-12-05T07:47:49,2023-12-05T17:13:58,0.75,"Rain, Overcast",Cloudy skies throughout the day with late afternoon rain.,rain,"37864099999,UBBB"
"Baku,Azerbaijan",2023-12-06,12,9,10.8,12,7.3,10.6,8.4,85,99.4,100,4.17,rain,0,0,48.2,29.5,92.2,1023.4,100,9.8,8.4,0.7,0,10,2023-12-06T07:48:46,2023-12-06T17:13:53,0.79,"Rain, Overcast",Cloudy skies throughout the day with morning rain.,rain,"37864099999,UBBB"
"Baku,Azerbaijan",2023-12-07,14,10,11.6,14,10,11.6,9.5,87.1,0,0,0,rain,0,0,54,37.1,40.6,1017.1,94.1,9.9,53.8,4.7,3,10,2023-12-07T07:49:41,2023-12-07T17:13:49,0.82,Overcast,Cloudy skies throughout the day.,cloudy,"37864099999,UBBB"
"Baku,Azerbaijan",2023-12-08,10,8.7,9.2,10,5.9,7.2,5.3,76.2,99.3,100,4.17,rain,0,0,38.9,22.3,48.5,1025.5,91,10,16.3,1.4,1,10,2023-12-08T07:50:35,2023-12-08T17:13:48,0.85,"Rain, Overcast",Cloudy skies throughout the day with morning rain.,rain,"37864099999,UBBB"
"Baku,Azerbaijan",2023-12-09,14,8,11,14,5.1,10,8.1,82.3,0.3,100,4.17,rain,0,0,59,37.1,125.2,1022.8,100,9.7,12.5,1,1,10,2023-12-09T07:51:28,2023-12-09T17:13:48,0.88,"Rain, Overcast",Cloudy skies throughout the day with late afternoon rain.,rain,"37864099999,UBBB"
"Baku,Azerbaijan",2023-12-10,14.8,10.8,12.2,14.8,10.8,12.2,9,81.5,0,0,0,rain,0,0,67.5,51.8,282.4,1014.1,82.4,10,77.8,6.5,4,10,2023-12-10T07:52:19,2023-12-10T17:13:52,0.92,Partially cloudy,Partly cloudy throughout the day.,wind,"37864099999,UBBB"
"Baku,Azerbaijan",2023-12-11,10.2,5.3,8,10.2,1.7,4.6,4.5,78.9,0,0,0,rain,0,0,64.8,46.4,346.4,1026.7,93.2,10,54.4,4.6,3,10,2023-12-11T07:53:09,2023-12-11T17:13:57,0.95,Overcast,Cloudy skies throughout the day.,cloudy,"37864099999,UBBB"
"Baku,Azerbaijan",2023-12-12,8,5.9,7.3,6.3,2.2,3.8,5.5,88.7,101.3,100,8.33,rain,0,0,41.4,37.1,102,1023.3,98.2,6.8,6.1,0.5,0,10,2023-12-12T07:53:58,2023-12-12T17:14:05,0.98,"Rain, Overcast",Cloudy skies throughout the day with rain.,rain,"37864099999,UBBB"
"Baku,Azerbaijan",2023-12-13,8,4,5.1,4.3,-0.5,1.1,3.6,90.2,5,100,4.17,rain,0,0,37.1,29.5,72.3,1017.4,100,5.4,3.5,0.3,0,10,2023-12-13T07:54:44,2023-12-13T17:14:15,0,"Rain, Overcast",Cloudy skies throughout the day with late afternoon rain.,rain,"37864099999,UBBB"
"Baku,Azerbaijan",2023-12-14,7,4.8,5.9,3.8,0.1,1.7,2.7,80,0,0,0,rain,0,0,48.6,33.5,0.6,1020.3,100,10,26.9,2.3,1,10,2023-12-14T07:55:30,2023-12-14T17:14:27,0.05,Overcast,Cloudy skies throughout the day.,cloudy,"37864099999,UBBB"
"Baku,Azerbaijan",2023-12-15,10.1,5,7.6,10.1,3.1,6.6,5,84.2,0,0,0,rain,0,0,31,22.3,211.2,1023.3,83.2,9.9,56.8,4.9,3,10,2023-12-15T07:56:13,2023-12-15T17:14:42,0.08,Partially cloudy,Partly cloudy throughout the day.,partly-cloudy-day,"37864099999,UBBB"
"Baku,Azerbaijan",2023-12-16,10,5,8,10,2.5,6.9,5.5,84.3,0,0,0,,0,0,29.9,18.4,307,1024,64.4,10.3,86,7.4,4,10,2023-12-16T07:56:55,2023-12-16T17:14:58,0.12,Partially cloudy,Partly cloudy throughout the day.,partly-cloudy-day,"37864099999,UBBB,remote"
"Baku,Azerbaijan",2023-12-17,9,3.8,6.6,7.3,-3.3,2.1,4.9,88.7,1,100,4.17,rain,0,0,88.9,64.8,324.7,1023.3,99.5,9.2,12.6,1.2,1,10,2023-12-17T07:57:35,2023-12-17T17:15:17,0.15,"Rain, Overcast",Cloudy skies throughout the day with late afternoon rain.,rain,"37864099999,UBBB"
"Baku,Azerbaijan",2023-12-18,8,3,5.3,6,-4,1.9,2.2,80.9,0,0,0,rain,0,0,69.5,50,301.1,1029.7,76,10.6,61.2,5.3,3,10,2023-12-18T07:58:13,2023-12-18T17:15:39,0.19,Partially cloudy,Partly cloudy throughout the day.,wind,"37864099999,UBBB,remote"
"Baku,Azerbaijan",2023-12-19,12,5,8.1,12,2.3,6.7,2.7,69.2,99,100,4.17,rain,0,0,42.8,22.3,208,1026.9,3.7,10.6,101.9,8.8,4,10,2023-12-19T07:58:50,2023-12-19T17:16:02,0.25,Rain,Clear conditions throughout the day with morning rain.,rain,"37864099999,UBBB,remote"
"Baku,Azerbaijan",2023-12-20,11.3,4,7.8,11.3,0.6,6.5,3.7,76.3,0,0,0,,0,0,46.8,25.9,177.8,1027,29.7,10,101.5,8.9,4,10,2023-12-20T07:59:24,2023-12-20T17:16:27,0.26,Partially cloudy,Becoming cloudy in the afternoon.,partly-cloudy-day,"37864099999,UBBB"
"Baku,Azerbaijan",2023-12-21,12,7,9.1,12,3.8,7.2,5,75.8,0,0,0,,0,0,54.7,36.4,179.6,1018.5,31.3,10.6,100.3,8.6,4,10,2023-12-21T07:59:57,2023-12-21T17:16:55,0.3,Partially cloudy,Partly cloudy throughout the day.,partly-cloudy-day,"37864099999,UBBB,remote"
"Baku,Azerbaijan",2023-12-22,13,8.8,10.2,13,5.1,8.9,3.9,65.6,0,0,0,,0,0,60.8,40.7,190,1004.7,67.4,9.8,68.5,6,4,10,2023-12-22T08:00:28,2023-12-22T17:17:24,0.33,Partially cloudy,Partly cloudy throughout the day.,partly-cloudy-day,"37864099999,UBBB"
"Baku,Azerbaijan",2023-12-23,21,8,13.5,21,4.8,13.1,3.7,53.2,0,0,0,,0,0,68.8,37.1,205.9,997.7,59.6,10,96.4,8.2,4,10,2023-12-23T08:00:57,2023-12-23T17:17:56,0.37,Partially cloudy,Partly cloudy throughout the day.,partly-cloudy-day,"37864099999,UBBB"
"Baku,Azerbaijan",2023-12-24,18,7.9,12,18,3.5,10.7,1.4,53.8,0,0,0,rain,0,0,70.6,48.2,227,1002.2,63,10,89.2,7.7,4,10,2023-12-24T08:01:23,2023-12-24T17:18:29,0.4,Partially cloudy,Partly cloudy throughout the day.,partly-cloudy-day,"37864099999,UBBB"
"Baku,Azerbaijan",2023-12-25,11,4,7.3,11,-0.5,4.3,2.1,71.4,99.4,100,4.17,rain,0,0,76,55.4,281.1,1014,44.9,10.6,103.6,8.8,4,10,2023-12-25T08:01:48,2023-12-25T17:19:05,0.44,"Rain, Partially cloudy",Clearing in the afternoon with morning rain.,rain,"37864099999,UBBB,remote"
"Baku,Azerbaijan",2023-12-26,16,5,10,16,3.3,8.6,2.3,60.8,0,0,0,,0,0,71.6,40.4,193.3,1013.6,48.9,10,100,8.6,4,10,2023-12-26T08:02:10,2023-12-26T17:19:43,0.48,Partially cloudy,Partly cloudy throughout the day.,partly-cloudy-day,"37864099999,UBBB"
"Baku,Azerbaijan",2023-12-27,16.4,3,10.7,16.4,2.1,10,5.5,72.4,0,0,0,,0,0,65.9,40.7,192.5,1018.7,9.5,10.6,100.4,8.6,4,10,2023-12-27T08:02:31,2023-12-27T17:20:22,0.5,Clear,Clear conditions throughout the day.,clear-day,"37864099999,UBBB,remote"
"Baku,Azerbaijan",2023-12-28,18,5.9,10,18,1.3,7.8,2.8,62.4,0.3,100,4.17,rain,0,0,91.1,60.4,322.1,1017.7,72.8,10,85.2,7.3,4,10,2023-12-28T08:02:49,2023-12-28T17:21:03,0.54,"Rain, Partially cloudy",Partly cloudy throughout the day with late afternoon rain.,rain,"37864099999,UBBB"
"Baku,Azerbaijan",2023-12-29,11,5,7.8,11,3.3,6.2,3.4,74.2,99,100,4.17,rain,0,0,54.7,29.5,182.3,1029,68.4,10,86.5,7.5,4,10,2023-12-29T08:03:05,2023-12-29T17:21:46,0.57,"Rain, Partially cloudy",Partly cloudy throughout the day with morning rain.,rain,"37864099999,UBBB"
"Baku,Azerbaijan",2023-12-30,12.1,7,9.4,12.1,3.4,7.4,-0.8,49.7,0,0,0,,0,0,60.8,33.5,186.9,1022,9,10,104.7,9,5,10,2023-12-30T08:03:19,2023-12-30T17:22:31,0.61,Clear,Clear conditions throughout the day.,clear-day,"37864099999,UBBB"
"Baku,Azerbaijan",2023-12-31,13.3,5.2,9,13.3,3,7.7,2.7,67.7,0,0,0,,0,0,46.8,29.5,195.2,1017,54.9,10.4,104.5,9,5,10,2023-12-31T08:03:31,2023-12-31T17:23:18,0.64,Partially cloudy,Partly cloudy throughout the day.,partly-cloudy-day,"37864099999,UBBB,remote"
"Baku,Azerbaijan",2024-01-01,14,5,9,14,2.5,7.5,4.4,74.6,0,0,0,,0,0,55.8,37.1,333.4,1022.6,48.1,9.9,98.2,8.4,4,10,2024-01-01T08:03:41,2024-01-01T17:24:06,0.67,Partially cloudy,Clearing in the afternoon.,partly-cloudy-day,"37864099999,UBBB"
"Baku,Azerbaijan",2024-01-02,13,3,9.1,13,0.9,8,6.4,84.4,0,0,0,,0,0,59,38.5,169.1,1019.6,55.8,8.9,90.8,7.8,4,10,2024-01-02T08:03:48,2024-01-02T17:24:56,0.7,Partially cloudy,Partly cloudy throughout the day.,partly-cloudy-day,"37864099999,UBBB,remote"
"Baku,Azerbaijan",2024-01-03,11,8,9.8,11,4,8,4.7,70.9,0,0,0,,0,0,70.6,51.8,244.3,1008.9,77.9,9.9,79.4,6.8,3,10,2024-01-03T08:03:53,2024-01-03T17:25:47,0.74,Partially cloudy,Partly cloudy throughout the day.,wind,"37864099999,UBBB"
"Baku,Azerbaijan",2024-01-04,13,3,9,13,0.6,7.8,5,76.9,0,0,0,,0,0,64.8,48.6,190,1011.7,65.6,10,72.1,6.3,3,10,2024-01-04T08:03:56,2024-01-04T17:26:40,0.75,Partially cloudy,Partly cloudy throughout the day.,wind,"37864099999,UBBB"
"Baku,Azerbaijan",2024-01-05,13.3,7,10.9,13.3,4.3,10,5,67.7,0,0,0,,0,0,59.4,40.7,268.8,1009.1,71.4,10,84.2,7.2,4,10,2024-01-05T08:03:57,2024-01-05T17:27:34,0.8,Partially cloudy,Partly cloudy throughout the day.,partly-cloudy-day,"37864099999,UBBB"
"Baku,Azerbaijan",2024-01-06,13,4,9.2,13,1.2,8,4.4,72.9,0,0,0,,0,0,81.7,63,323.7,1017.3,69.3,10,81.1,6.9,4,10,2024-01-06T08:03:55,2024-01-06T17:28:30,0.83,Partially cloudy,Partly cloudy throughout the day.,wind,"37864099999,UBBB"
"Baku,Azerbaijan",2024-01-07,14,3,9,14,-0.7,8.2,4.2,73.9,0,0,0,,0,0,63.7,40.7,183.7,1019.5,17.7,9.8,107.8,9.2,5,10,2024-01-07T08:03:51,2024-01-07T17:29:27,0.87,Clear,Clear conditions throughout the day.,clear-day,"37864099999,UBBB,remote"
"Baku,Azerbaijan",2024-01-08,11,6.9,9.2,11,4.6,7.7,5,75.9,0,0,0,,0,0,57.6,38.7,274.1,1011.7,71.8,10.6,69,6.1,3,10,2024-01-08T08:03:45,2024-01-08T17:30:26,0.9,Partially cloudy,Partly cloudy throughout the day.,partly-cloudy-day,"37864099999,UBBB,remote"
"Baku,Azerbaijan",2024-01-09,11.8,4.7,8.4,11.8,3.6,7.3,5.6,83.1,0,0,0,,0,0,59.8,40.7,324.6,1010.8,79.2,10.3,104,8.9,5,10,2024-01-09T08:03:37,2024-01-09T17:31:25,0.93,Partially cloudy,Partly cloudy throughout the day.,partly-cloudy-day,"37864099999,UBBB,remote"
"Baku,Azerbaijan",2024-01-10,6,2,3.4,2.6,-4.1,-1.5,-1.2,72.4,0,0,0,rain,0.3,0,78.5,60.4,346.7,1019.2,85.9,10,24.3,2,1,10,2024-01-10T08:03:27,2024-01-10T17:32:26,0.96,Partially cloudy,Partly cloudy throughout the day.,wind,"37864099999,UBBB"
"Baku,Azerbaijan",2024-01-11,7.1,3,5.2,4.8,-1.2,1.8,-0.1,69.1,0,0,0,,0,0,40,25.9,29.7,1020.4,73.1,10,85.3,7.2,4,10,2024-01-11T08:03:14,2024-01-11T17:33:28,0,Partially cloudy,Partly cloudy throughout the day.,partly-cloudy-day,"37864099999,UBBB"
"Baku,Azerbaijan",2024-01-12,10,4.9,7,10,1.8,4.7,2.2,72.2,0,0,0,,0,0,45.4,25.9,191.3,1004.6,63.3,10,104.8,9,5,10,2024-01-12T08:02:59,2024-01-12T17:34:31,0.03,Partially cloudy,Partly cloudy throughout the day.,partly-cloudy-day,"37864099999,UBBB"
"Baku,Azerbaijan",2024-01-13,6.1,-0.2,3.1,3,-7.8,-2.9,0,80.7,0.4,100,4.17,"rain,snow",0.4,0,81.7,58.4,330.8,1012.1,86.8,9.8,34.5,2.9,2,10,2024-01-13T08:02:42,2024-01-13T17:35:35,0.06,"Snow, Rain, Partially cloudy",Partly cloudy throughout the day with late afternoon rain or snow.,snow,"37864099999,UBBB,remote"
"Baku,Azerbaijan",2024-01-14,1,-1,-0.2,1,-7.7,-4,-2.4,85.4,2,100,4.17,"rain,snow",4.4,1.4,38.2,29.5,17.7,1024,85.6,5.8,51.1,4.5,2,10,2024-01-14T08:02:22,2024-01-14T17:36:40,0.1,"Snow, Rain, Partially cloudy",Partly cloudy throughout the day with late afternoon rain or snow.,snow,"37864099999,UBBB"
"Baku,Azerbaijan",2024-01-15,5,0.7,2.4,3,-4,-0.6,-1.6,75.9,0,0,0,snow,0,0.4,61.9,34.6,185.5,1020.2,41.1,10,107.4,9.4,5,10,2024-01-15T08:02:01,2024-01-15T17:37:46,0.13,Partially cloudy,Clearing in the afternoon.,partly-cloudy-day,"37864099999,UBBB"
"Baku,Azerbaijan",2024-01-16,10,1.1,6,10,-1.9,2.7,-0.5,64.4,0,0,0,,0,0.4,75.6,50.2,201.2,1017.3,40.7,10,119.3,10.3,5,10,2024-01-16T08:01:37,2024-01-16T17:38:53,0.17,Partially cloudy,Partly cloudy throughout the day.,wind,"37864099999,UBBB"
"Baku,Azerbaijan",2024-01-17,9,4,7.1,5.5,0.6,2.3,2.1,71.6,0,0,0,,0,0.1,88.9,66.6,310.8,1016,51.2,10,115.5,9.9,5,10,2024-01-17T08:01:11,2024-01-17T17:40:00,0.2,Partially cloudy,Partly cloudy throughout the day.,wind,"37864099999,UBBB"
"Baku,Azerbaijan",2024-01-18,8.1,5,6.5,6.5,1.4,3.5,2.4,75.2,0,0,0,,0,0.2,46.4,29.5,331.8,1026.6,63.6,10,115.4,10,5,10,2024-01-18T08:00:43,2024-01-18T17:41:08,0.25,Partially cloudy,Partly cloudy throughout the day.,partly-cloudy-day,"37864099999,UBBB"
"Baku,Azerbaijan",2024-01-19,9,6.8,7.5,6.1,2.4,4.1,5,84.5,0,0,0,,0,0,59.4,33.5,173.9,1021.6,83.9,9.7,37.6,3.3,2,10,2024-01-19T08:00:13,2024-01-19T17:42:17,0.27,Partially cloudy,Partly cloudy throughout the day.,partly-cloudy-day,"37864099999,UBBB"
"Baku,Azerbaijan",2024-01-20,12,5.9,8.3,12,1.7,6.1,4.5,77.9,0,0,0,,0,0,55.8,33,191.1,1016.4,86.2,10.6,103.5,9,5,10,2024-01-20T07:59:40,2024-01-20T17:43:27,0.31,Partially cloudy,Partly cloudy throughout the day.,partly-cloudy-day,"37864099999,UBBB,remote"
"Baku,Azerbaijan",2024-01-21,8.6,5,6.5,6.6,-0.2,3.1,4.6,87.6,0,0,0,,0,0,74.9,56.6,331.3,1017.4,86.3,6.6,108.6,9.5,4,10,2024-01-21T07:59:06,2024-01-21T17:44:37,0.35,Partially cloudy,Partly cloudy throughout the day.,wind,"37864099999,UBBB"
"Baku,Azerbaijan",2024-01-22,6,3,4.2,0,-3.4,-2.3,0.8,78.8,0.4,100,4.17,snow,0,0,76.6,60.4,328.1,1027.8,98.6,10,48.7,4.2,2,10,2024-01-22T07:58:30,2024-01-22T17:45:48,0.38,"Snow, Overcast",Cloudy skies throughout the day with late afternoon snow.,rain,"37864099999,UBBB"
"Baku,Azerbaijan",2024-01-23,4,2,3.1,-1.5,-3.9,-2.6,-0.9,75.4,0,0,0,"rain,snow",0.3,0,62,48.2,352.7,1031.9,97.4,10,56.4,4.9,2,10,2024-01-23T07:57:51,2024-01-23T17:46:59,0.42,Overcast,Cloudy skies throughout the day.,cloudy,"37864099999,UBBB"
"Baku,Azerbaijan",2024-01-24,3,0,1.9,2,-6,-3.3,-3,70.6,99.3,100,4.17,"rain,snow",1.8,0.1,55.4,37.1,6.4,1029,96.6,9.1,52.3,4.4,3,10,2024-01-24T07:57:11,2024-01-24T17:48:11,0.45,"Snow, Rain, Overcast",Cloudy skies throughout the day with morning rain or snow.,snow,"37864099999,UBBB"
"Baku,Azerbaijan",2024-01-25,4.2,0,2.4,1.1,-5,-1.4,-1.3,77,99,100,4.17,rain,0,0,44.6,29.5,171.3,1023.3,71.5,9.9,124.4,10.8,5,10,2024-01-25T07:56:29,2024-01-25T17:49:23,0.5,"Rain, Partially cloudy",Becoming cloudy in the afternoon with morning rain.,rain,"37864099999,UBBB"
"Baku,Azerbaijan",2024-01-26,9,0.7,4.2,6.7,-4.3,0.7,-0.3,73.7,99.6,100,4.17,rain,0,0,52.2,29.5,183.9,1016.5,57.8,10,126.4,10.9,5,10,2024-01-26T07:55:44,2024-01-26T17:50:35,0.52,"Rain, Partially cloudy",Partly cloudy throughout the day with morning rain.,rain,"37864099999,UBBB"
"Baku,Azerbaijan",2024-01-27,9,4,6,7.3,-0.2,3.8,3.8,86,0,0,0,rain,0,0.3,46.8,33.5,336.7,1013.6,96.4,9.8,33.5,2.7,2,10,2024-01-27T07:54:58,2024-01-27T17:51:48,0.55,Overcast,Cloudy skies throughout the day.,cloudy,"37864099999,UBBB"
"Baku,Azerbaijan",2024-01-28,6.2,4,5.1,1.1,-1.4,0.3,2.5,83.5,0,0,0,rain,0,0,54.7,37.1,322.1,1018.6,77.8,10,99.5,8.5,4,10,2024-01-28T07:54:10,2024-01-28T17:53:01,0.59,Partially cloudy,Partly cloudy throughout the day.,partly-cloudy-day,"37864099999,UBBB"
"Baku,Azerbaijan",2024-01-29,5,3.9,4.2,1.6,-0.8,0.1,1.6,83.6,0.5,100,4.17,"rain,snow",0,0,33.1,29.5,328.2,1027.5,95.6,10,61.9,5.3,3,10,2024-01-29T07:53:20,2024-01-29T17:54:14,0.62,"Snow, Rain, Overcast",Cloudy skies throughout the day with late afternoon rain or snow.,rain,"37864099999,UBBB"
"Baku,Azerbaijan",2024-01-30,4,-1,2.7,-0.5,-4,-2.6,-1.6,73.8,99,100,4.17,snow,0,0,40.3,40.7,340.8,1033.9,85.7,10,91.7,7.8,4,10,2024-01-30T07:52:29,2024-01-30T17:55:27,0.65,"Snow, Partially cloudy",Partly cloudy throughout the day with morning snow.,rain,"37864099999,UBBB"
"Baku,Azerbaijan",2024-01-31,7,-1,2.5,7,-3.7,0.7,-1.2,77.9,0,0,0,,0,0,21.6,14.8,301,1032.1,46.9,9.9,137.5,11.8,5,10,2024-01-31T07:51:35,2024-01-31T17:56:40,0.68,Partially cloudy,Becoming cloudy in the afternoon.,partly-cloudy-day,"37864099999,UBBB"
"Baku,Azerbaijan",2024-02-01,8.9,1,4.6,5.6,-3.1,1.6,1.2,79.3,0,0,0,,0,0,40.3,29.5,160.2,1026,39.1,9.9,136.1,11.7,5,10,2024-02-01T07:50:40,2024-02-01T17:57:54,0.72,Partially cloudy,Clearing in the afternoon.,partly-cloudy-day,"37864099999,UBBB"
"Baku,Azerbaijan",2024-02-02,8,0,4.3,6.8,-1.4,2.2,1.4,82.1,0,0,0,,0,0,37.8,18.4,311.4,1018.4,13.9,10,140.6,12.1,6,10,2024-02-02T07:49:43,2024-02-02T17:59:08,0.75,Clear,Clear conditions throughout the day.,clear-day,"37864099999,UBBB,remote"
"Baku,Azerbaijan",2024-02-03,9,-3,4,6,-3,2,0.3,78.8,0,0,0,,0,0,29.9,33.5,216.6,1016.9,37.2,9.1,142,12.3,6,10,2024-02-03T07:48:44,2024-02-03T18:00:21,0.75,Partially cloudy,Partly cloudy throughout the day.,partly-cloudy-day,"37864099999,UBBB"
"Baku,Azerbaijan",2024-02-04,12,2,5,12,-0.2,3.2,2.2,83.6,0,0,0,,0,0,31.3,25.9,284.2,1014.7,58.8,9.7,144.9,12.5,6,10,2024-02-04T07:47:44,2024-02-04T18:01:35,0.82,Partially cloudy,Partly cloudy throughout the day.,partly-cloudy-day,"37864099999,UBBB"
"Baku,Azerbaijan",2024-02-05,16,-2,8.4,16,-4.8,7.4,-1.5,57.6,0,0,0,,0,0,76.3,40.1,231,1006.5,54.1,8.3,128.1,11.1,5,10,2024-02-05T07:46:42,2024-02-05T18:02:48,0.85,Partially cloudy,Partly cloudy throughout the day.,partly-cloudy-day,"37864099999,UBBB"
"Baku,Azerbaijan",2024-02-06,14,4.9,8.8,14,1,6,-0.5,54.9,0.6,100,4.17,rain,0,0,100.8,59.4,275.9,1003.8,84.9,10,93,8,4,10,2024-02-06T07:45:38,2024-02-06T18:04:02,0.88,"Rain, Partially cloudy",Partly cloudy throughout the day with late afternoon rain.,rain,"37864099999,UBBB"
"Baku,Azerbaijan",2024-02-07,12.4,3,8.3,12.4,0.9,7.5,3.4,72.2,0,0,0,,0,0,65.9,33.5,178,1013.2,70.6,10,138.2,11.9,6,10,2024-02-07T07:44:33,2024-02-07T18:05:15,0.91,Partially cloudy,Partly cloudy throughout the day.,partly-cloudy-day,"37864099999,UBBB"
"Baku,Azerbaijan",2024-02-08,24,8.6,15.2,24,4.8,14.8,1.9,44.1,0,0,0,,0,0,78.8,51.3,210,1009.8,11.6,10,154.1,13.3,6,10,2024-02-08T07:43:27,2024-02-08T18:06:29,0.95,Clear,Clear conditions throughout the day.,wind,"37864099999,UBBB"
"Baku,Azerbaijan",2024-02-09,17.1,7,12.3,17.1,4.3,12,2.5,53.5,0,0,0,,0,0,79.6,44.7,272,1010.9,69.4,10,136.2,11.8,6,10,2024-02-09T07:42:19,2024-02-09T18:07:42,0.98,Partially cloudy,Partly cloudy throughout the day.,partly-cloudy-day,"37864099999,UBBB"
"Baku,Azerbaijan",2024-02-10,15,6,10.5,15,3.6,9.5,4.5,67.5,0,0,0,,0,0,54.7,25.9,222.3,1015.7,21.6,10,155.7,13.4,6,10,2024-02-10T07:41:09,2024-02-10T18:08:55,0,Partially cloudy,Partly cloudy throughout the day.,partly-cloudy-day,"37864099999,UBBB"
"Baku,Azerbaijan",2024-02-11,20,7,11.7,20,3.4,10.7,4.6,65.1,0,0,0,,0,0,50.8,25.9,165.4,1018.2,22.6,10,149.6,13,5,10,2024-02-11T07:39:58,2024-02-11T18:10:08,0.05,Partially cloudy,Partly cloudy throughout the day.,partly-cloudy-day,"37864099999,UBBB"
"Baku,Azerbaijan",2024-02-12,16,4,9.7,16,3.3,9,5.5,76.9,0,0,0,,0,0,35.6,22.3,146.5,1019.5,48.5,9.1,141,12.1,5,10,2024-02-12T07:38:46,2024-02-12T18:11:20,0.08,Partially cloudy,Partly cloudy throughout the day.,partly-cloudy-day,"37864099999,UBBB"
"Baku,Azerbaijan",2024-02-13,16,7,10.9,16,3.4,9.6,6.7,77.4,0,0,0,,0,0,49.3,33.5,151.2,1013.8,87.8,7.9,131.6,11.4,6,10,2024-02-13T07:37:32,2024-02-13T18:12:33,0.12,Partially cloudy,Partly cloudy throughout the day.,partly-cloudy-day,"37864099999,UBBB"
"Baku,Azerbaijan",2024-02-14,11,4.9,7,11,1.8,4.4,5.4,90.3,0,0,0,,0,0,32.4,25.9,332.5,1012.7,90.8,6.1,125.9,10.8,5,10,2024-02-14T07:36:17,2024-02-14T18:13:45,0.15,Overcast,Cloudy skies throughout the day.,cloudy,"37864099999,UBBB"
"Baku,Azerbaijan",2024-02-15,8,6,6.9,4.5,0.6,2.5,5.7,92.8,0,0,0,rain,0,0,57.6,44.6,336.6,1017,100,4.9,91.5,7.9,5,10,2024-02-15T07:35:01,2024-02-15T18:14:57,0.18,Overcast,Cloudy skies throughout the day.,cloudy,"37864099999,UBBB"
"Baku,Azerbaijan",2024-02-16,7,2.8,4.9,2.7,-2.5,-0.2,3.9,93.4,11,100,4.17,rain,0,0,56.5,43.6,3.6,1022.6,99.5,8,7.7,0.7,0,10,2024-02-16T07:33:44,2024-02-16T18:16:09,0.25,"Rain, Overcast",Cloudy skies throughout the day with late afternoon rain.,rain,"37864099999,UBBB"
"Baku,Azerbaijan",2024-02-17,3,1.9,2.7,-1.5,-4.2,-2.7,-0.9,77,0.4,100,4.17,"rain,snow",0,0,46.8,33.5,14.6,1023.7,98.4,7.8,85.3,7.3,4,10,2024-02-17T07:32:25,2024-02-17T18:17:20,0.25,"Snow, Rain, Overcast",Cloudy skies throughout the day with morning rain or snow.,rain,"37864099999,UBBB"
"Baku,Azerbaijan",2024-02-18,3,1.5,2.1,2,-4.2,-2.5,-3,69.1,0,0,0,snow,0,0,45.7,33.5,11.4,1026.4,93.4,6.7,145.4,12.7,5,10,2024-02-18T07:31:06,2024-02-18T18:18:31,0.29,Overcast,Cloudy skies throughout the day.,cloudy,"37864099999,UBBB"
"Baku,Azerbaijan",2024-02-19,6,1,3.4,3,-1.4,0.6,-0.6,75.7,0,0,0,rain,0,0,25.6,25.9,121.7,1025.3,97.3,9.1,151.3,13,6,10,2024-02-19T07:29:45,2024-02-19T18:19:42,0.32,Overcast,Cloudy skies throughout the day.,cloudy,"37864099999,UBBB"
"Baku,Azerbaijan",2024-02-20,7,5,5.8,6,0.1,2.7,4.3,90.4,0,0,0,rain,0,0,44.6,33.5,313.6,1024,93.5,9.1,118.9,10.2,5,10,2024-02-20T07:28:23,2024-02-20T18:20:53,0.36,Overcast,Cloudy skies throughout the day.,cloudy,"37864099999,UBBB"
"Baku,Azerbaijan",2024-02-21,6,4.6,5,2.5,0.8,1.6,2.1,81.4,0,0,0,rain,0,0,34.6,22.3,1.5,1027.6,98.4,10,72.6,6.2,3,10,2024-02-21T07:27:00,2024-02-21T18:22:03,0.39,Overcast,Cloudy skies throughout the day.,cloudy,"37864099999,UBBB"
"Baku,Azerbaijan",2024-02-22,6,3.7,4.8,5.1,0.6,2.6,1.8,80.9,99.3,100,4.17,rain,0,0,11.5,14.8,39.2,1027.3,99.1,9.8,18.9,1.5,1,10,2024-02-22T07:25:36,2024-02-22T18:23:13,0.42,"Rain, Overcast",Cloudy skies throughout the day with morning rain.,rain,"37864099999,UBBB"
"Baku,Azerbaijan",2024-02-23,6,3.8,4.8,6,-0.5,2.1,2.9,87.4,101.3,100,8.33,rain,0,0,40.3,22.3,52.4,1027.3,100,9.3,9,0.8,0,10,2024-02-23T07:24:11,2024-02-23T18:24:23,0.46,"Rain, Overcast",Cloudy skies throughout the day with rain.,rain,"37864099999,UBBB"
"Baku,Azerbaijan",2024-02-24,6,2,4.4,2.1,-2.5,0.5,-0.1,72.6,0,0,0,"rain,snow",0,0,39.6,29.5,12.9,1032.6,77.7,10,87.8,7.6,4,10,2024-02-24T07:22:45,2024-02-24T18:25:32,0.5,Partially cloudy,Partly cloudy throughout the day.,partly-cloudy-day,"37864099999,UBBB"
"Baku,Azerbaijan",2024-02-25,5,1,3,-0.2,-4.3,-1.9,-4.7,57.1,0,0,0,snow,0,0,36.4,37.1,17.5,1035.8,65.8,10,176.7,15.2,7,10,2024-02-25T07:21:18,2024-02-25T18:26:41,0.53,Partially cloudy,Partly cloudy throughout the day.,partly-cloudy-day,"37864099999,UBBB"
"Baku,Azerbaijan",2024-02-26,5,-2,2.1,2.2,-5.6,-1.3,-5.1,59.9,0,0,0,,0,0,23.4,18.4,18.7,1035.8,47.6,10,193.8,16.8,7,10,2024-02-26T07:19:50,2024-02-26T18:27:50,0.56,Partially cloudy,Partly cloudy throughout the day.,partly-cloudy-day,"37864099999,UBBB"
"Baku,Azerbaijan",2024-02-27,6,-3,1.3,6,-7.2,-0.8,-4.9,65.8,0,0,0,,0,0,16.2,18.4,15.6,1033.3,45,10.6,182.5,15.8,7,10,2024-02-27T07:18:22,2024-02-27T18:28:59,0.59,Partially cloudy,Partly cloudy throughout the day.,partly-cloudy-day,"37864099999,UBBB,remote"
"Baku,Azerbaijan",2024-02-28,7,-5,1.9,4.1,-6.1,-0.5,-3.8,67.7,0,0,0,,0,0,20.2,22.3,346.8,1032.6,72.1,10,174.8,15.2,7,10,2024-02-28T07:16:53,2024-02-28T18:30:07,0.63,Partially cloudy,Partly cloudy throughout the day.,partly-cloudy-day,"37864099999,UBBB"
"Baku,Azerbaijan",2024-02-29,8.2,0,3.9,7.3,-2.4,2.4,-1.3,69.8,0,0,0,,0,0,15.5,18.4,35.8,1032.2,65.8,10,195.5,16.8,7,10,2024-02-29T07:15:23,2024-02-29T18:31:14,0.66,Partially cloudy,Partly cloudy throughout the day.,partly-cloudy-day,"37864099999,UBBB"
"Baku,Azerbaijan",2024-03-01,9.1,-3,3.6,6.9,-3,2,-1.2,72.9,0,0,0,,0,0,28.4,25.9,151.1,1031.3,14.7,10,201.7,17.4,7,10,2024-03-01T07:13:52,2024-03-01T18:32:22,0.7,Clear,Clear conditions throughout the day.,clear-day,"37864099999,UBBB"
"Baku,Azerbaijan",2024-03-02,10.4,0,6.3,10.4,-2.6,4.3,1.5,73.1,0,0,0,,0,0,29.2,29.5,135.4,1025.2,56,10,163.8,14.1,6,10,2024-03-02T07:12:20,2024-03-02T18:33:29,0.73,Partially cloudy,Partly cloudy throughout the day.,partly-cloudy-day,"37864099999,UBBB"
"Baku,Azerbaijan",2024-03-03,11,3,7.2,11,-0.7,5.2,1.2,67.2,0,0,0,,0,0,26.6,33.5,133.5,1020.1,79.4,10,172.9,15,7,10,2024-03-03T07:10:48,2024-03-03T18:34:36,0.75,Partially cloudy,Partly cloudy throughout the day.,partly-cloudy-day,"37864099999,UBBB"
"Baku,Azerbaijan",2024-03-04,10,2,5.6,10,-1.2,3.9,1,73.6,0,0,0,,0,0,15.5,18.4,12.6,1020.1,94.1,10,168.9,14.7,6,10,2024-03-04T07:09:15,2024-03-04T18:35:43,0.8,Overcast,Cloudy skies throughout the day.,cloudy,"37864099999,UBBB"
"Baku,Azerbaijan",2024-03-05,11,1.8,6.1,11,-1.2,4.5,2.4,78.7,0,0,0,,0,0,21.2,14.8,298.7,1018.4,53.8,9.9,206,17.7,7,10,2024-03-05T07:07:42,2024-03-05T18:36:49,0.83,Partially cloudy,Partly cloudy throughout the day.,partly-cloudy-day,"37864099999,UBBB"
"Baku,Azerbaijan",2024-03-06,12.2,4,8.9,12.2,0.6,7.6,6.5,85.3,0,0,0,,0,0,39.6,40.7,159.5,1013.6,70.9,9.5,201.4,17.4,7,10,2024-03-06T07:06:08,2024-03-06T18:37:55,0.86,Partially cloudy,Partly cloudy throughout the day.,partly-cloudy-day,"37864099999,UBBB"
"Baku,Azerbaijan",2024-03-07,10,7,7.8,10,1.9,4.7,6,88.5,0,0,0,rain,0,0,58,40.7,332.1,1011.8,93.5,8.3,183.4,15.7,7,10,2024-03-07T07:04:33,2024-03-07T18:39:01,0.9,Overcast,Cloudy skies throughout the day.,cloudy,"37864099999,UBBB"
"Baku,Azerbaijan",2024-03-08,7,4.9,5.9,5,-0.5,1.8,3.4,83.7,0.1,100,4.17,rain,0,0,58.7,38.4,328.9,1016.5,97,10,91.3,7.9,6,10,2024-03-08T07:02:58,2024-03-08T18:40:07,0.93,"Rain, Overcast",Cloudy skies throughout the day with early morning rain.,rain,"37864099999,UBBB"
"Baku,Azerbaijan",2024-03-09,7,5.8,6.1,6,2.1,4,4.3,88.8,1,100,4.17,rain,0,0,21.6,22.3,21.6,1016.9,100,6.8,45.3,4,2,10,2024-03-09T07:01:23,2024-03-09T18:41:12,0.96,"Rain, Overcast",Cloudy skies throughout the day with late afternoon rain.,rain,"37864099999,UBBB"
"Baku,Azerbaijan",2024-03-10,7,5.8,6.3,3.4,1.4,2.7,4.6,88.5,2,100,4.17,rain,0,0,32.4,29.5,359.2,1019.6,95.9,9.8,38.8,3.4,2,10,2024-03-10T06:59:47,2024-03-10T18:42:17,0,"Rain, Overcast",Cloudy skies throughout the day with late afternoon rain.,rain,"37864099999,UBBB"
"Baku,Azerbaijan",2024-03-11,9.9,4.3,6.5,8.6,2.4,4.6,4.2,85.5,0,0,0,,0,0,21.6,18.4,325.6,1022.9,72.4,10,77.4,6.5,5,10,2024-03-11T06:58:11,2024-03-11T18:43:22,0.03,Partially cloudy,Partly cloudy throughout the day.,partly-cloudy-day,"37864099999,UBBB"
"Baku,Azerbaijan",2024-03-12,8,5,6.5,6.2,1,3.4,2.7,77.5,0,0,0,rain,0,0,51.5,29.5,12.9,1028.4,88,10,198.2,17.1,8,10,2024-03-12T06:56:34,2024-03-12T18:44:26,0.07,Partially cloudy,Partly cloudy throughout the day.,partly-cloudy-day,"37864099999,UBBB"
"Baku,Azerbaijan",2024-03-13,9,5,7,7,1.8,4.1,3.8,80.4,0,0,0,rain,0,0,25.6,29.5,359.6,1026.5,94.8,10,56.9,5,2,10,2024-03-13T06:54:57,2024-03-13T18:45:31,0.1,Overcast,Cloudy skies throughout the day.,cloudy,"37864099999,UBBB"
"Baku,Azerbaijan",2024-03-14,12,6.6,9.4,12,4.3,7.9,5.3,76.2,0,0,0,,0,0,55.4,40.7,139.4,1025,83.2,10,143.8,12.4,6,10,2024-03-14T06:53:20,2024-03-14T18:46:35,0.13,Partially cloudy,Partly cloudy throughout the day.,partly-cloudy-day,"37864099999,UBBB"
"Baku,Azerbaijan",2024-03-15,13.3,7.9,10.2,13.3,4.9,9,6.6,79.9,0,0,0,,0,0,35.3,22.3,152,1018.2,57.2,8.4,220.3,19,8,10,2024-03-15T06:51:43,2024-03-15T18:47:39,0.17,Partially cloudy,Partly cloudy throughout the day.,partly-cloudy-day,"37864099999,UBBB"
"Baku,Azerbaijan",2024-03-16,12,7,8.8,12,3,6.7,5.6,81.2,0.3,100,8.33,rain,0,0,54,40.7,326.5,1015.2,60.5,8.2,222.5,19.3,8,10,2024-03-16T06:50:05,2024-03-16T18:48:43,0.2,"Rain, Partially cloudy",Partly cloudy throughout the day with early morning rain.,rain,"37864099999,UBBB"
"Baku,Azerbaijan",2024-03-17,12,8,9.6,12,5,8.2,5.5,75.9,0.1,100,4.17,rain,0,0,36.4,25.9,150,1019.5,89.4,10,111.1,9.6,4,10,2024-03-17T06:48:27,2024-03-17T18:49:46,0.25,"Rain, Partially cloudy",Partly cloudy throughout the day with morning rain.,rain,UBBB
"Baku,Azerbaijan",2024-03-18,15,9,11.3,15,6.2,10.4,6.8,75.3,0.1,100,4.17,rain,0,0,24.8,22.3,141.7,1018.9,81.3,10,182.5,15.8,7,10,2024-03-18T06:46:49,2024-03-18T18:50:49,0.27,"Rain, Partially cloudy",Partly cloudy throughout the day with late afternoon rain.,rain,UBBB
"Baku,Azerbaijan",2024-03-19,9,6.3,6.8,5.8,0.5,1.9,5.8,93,18.7,100,87.5,rain,0,0,59.8,48.6,351.7,1014.1,99.5,15,10.6,0.9,0,10,2024-03-19T06:45:10,2024-03-19T18:51:53,0.3,"Rain, Overcast",Cloudy skies throughout the day with a chance of rain throughout the day.,rain,"UBBB,remote"
